FLIGHT_DATE;DEPARTURE_DATE;ARRIVAL_DATE;FLIGHT_NUMBER;FLIGHT_STATUS;DEPARTURE_IATA;DEPARTURE_AIRPORT;ARRIVAL_IATA;ARRIVAL_AIRPORT;DEPARTURE_SCHEDULED;DEPARTURE_HOUR;ARRIVAL_SCHEDULED;ARRIVAL_HOUR;DEPARTURE_ESTIMATED;ARRIVAL_ESTIMATED;DEPARTURE_ACTUAL;ARRIVAL_ACTUAL;DEPARTURE_DELAY;ARRIVAL_DELAY;AIRLINE;ARRIVAL_COUNTRY;DEPARTURE_COUNTRY
30_07_2022_14_35;30/07/2022;30/07/2022;TU722;landed;TUN;CARTHAGE;ORY;ORLY;30/07/2022 15:35;14h;30/07/2022 19:00;18h;30/07/2022 15:51;30/07/2022 19:07;30/07/2022 15:51;30/07/2022 19:07;16.0;7.0;TU;FRANCE;TUNISIA
30_07_2022_16_30;30/07/2022;30/07/2022;TU998;landed;TUN;CARTHAGE;NCE;COTE DAZUR;30/07/2022 17:30;16h;30/07/2022 20:00;21h;;30/07/2022 22:00;;30/07/2022 22:00;120.0;120.0;TU;FRANCE;TUNISIA
30_07_2022_16_30;30/07/2022;30/07/2022;TU851;landed;LYS;SAINT EXUPERY;TUN;CARTHAGE;30/07/2022 17:30;16h;30/07/2022 18:20;17h;30/07/2022 17:35;30/07/2022 18:25;30/07/2022 17:35;30/07/2022 18:25;5.0;5.0;TU;TUNISIA;FRANCE
30_07_2022_17_00;30/07/2022;30/07/2022;TU701;landed;GVA;GENEVE COINTRIN;TUN;CARTHAGE;30/07/2022 18:00;18h;30/07/2022 18:55;19h;30/07/2022 19:30;30/07/2022 20:15;30/07/2022 19:30;30/07/2022 20:15;90.0;80.0;TU;TUNISIA;SWITZERLAND
30_07_2022_16_50;30/07/2022;30/07/2022;TU793;landed;STN;STANSTED;TUN;CARTHAGE;30/07/2022 17:50;17h;30/07/2022 20:55;20h;30/07/2022 18:20;30/07/2022 21:16;30/07/2022 18:20;30/07/2022 21:16;30.0;21.0;TU;TUNISIA;UNITED KINGDOM
30_07_2022_18_55;30/07/2022;30/07/2022;TU527;landed;DUS;DUSSELDORF;TUN;CARTHAGE;30/07/2022 19:55;18h;30/07/2022 21:30;20h;;;;;;;TU;TUNISIA;GERMANY
30_07_2022_20_00;30/07/2022;30/07/2022;TU999;landed;NCE;COTE DAZUR;TUN;CARTHAGE;30/07/2022 21:00;20h;30/07/2022 21:35;20h;;;;;;;TU;TUNISIA;FRANCE
30_07_2022_19_30;30/07/2022;30/07/2022;TU723;landed;ORY;ORLY;TUN;CARTHAGE;30/07/2022 20:30;19h;30/07/2022 21:55;20h;30/07/2022 20:29;30/07/2022 21:45;30/07/2022 20:29;30/07/2022 21:45;;10.0;TU;TUNISIA;FRANCE
30_07_2022_14_30;30/07/2022;30/07/2022;TU203;active;YUL;PIERRE ELLIOTT TRUDEAU INTL;TUN;CARTHAGE;30/07/2022 15:30;14h;31/07/2022 04:45;03h;30/07/2022 15:43;;30/07/2022 15:43;;13.0;;TU;TUNISIA;CANADA
31_07_2022_07_45;31/07/2022;31/07/2022;TU147;landed;DXB;DUBAI INTL;TUN;CARTHAGE;31/07/2022 08:45;07h;31/07/2022 11:55;10h;;31/07/2022 11:24;;31/07/2022 11:24;0.0;31.0;TU;TUNISIA;UNITED ARAB EMIRATES
31_07_2022_17_55;31/07/2022;31/07/2022;TU563;landed;TUN;CARTHAGE;NKC;NOUAKCHOTT;31/07/2022 18:55;17h;31/07/2022 22:50;21h;;;;;0.0;0.0;TU;MAURITANIA;TUNISIA
31_07_2022_21_30;31/07/2022;01/08/2022;TU705;landed;TUN;CARTHAGE;CMN;MOHAMMED V INTL;31/07/2022 22:30;21h;01/08/2022 01:10;00h;;;;;0.0;0.0;TU;MOROCCO;TUNISIA
01_08_2022_05_00;01/08/2022;01/08/2022;TU716;landed;TUN;CARTHAGE;ORY;ORLY;01/08/2022 06:00;05h;01/08/2022 09:20;08h;;;;;0.0;0.0;TU;FRANCE;TUNISIA
01_08_2022_05_50;01/08/2022;01/08/2022;TU930;landed;TUN;CARTHAGE;MRS;PROVENCE;01/08/2022 06:50;05h;01/08/2022 09:25;08h;;;;;0.0;0.0;TU;FRANCE;TUNISIA
01_08_2022_06_00;01/08/2022;01/08/2022;TU996;landed;TUN;CARTHAGE;NCE;COTE DAZUR;01/08/2022 07:00;06h;01/08/2022 09:30;08h;;;;;0.0;0.0;TU;FRANCE;TUNISIA
01_08_2022_06_20;01/08/2022;01/08/2022;TU403;landed;TUN;CARTHAGE;MJI;MITIGA AIRPORT;01/08/2022 07:20;06h;01/08/2022 09:30;08h;;;;;0.0;0.0;TU;LIBYA;TUNISIA
01_08_2022_06_40;01/08/2022;01/08/2022;TU718;landed;TUN;CARTHAGE;ORY;ORLY;01/08/2022 07:40;06h;01/08/2022 11:05;10h;;;;;0.0;0.0;TU;FRANCE;TUNISIA
01_08_2022_06_40;01/08/2022;01/08/2022;TU750;landed;TUN;CARTHAGE;LYS;SAINT EXUPERY;01/08/2022 07:40;06h;01/08/2022 10:30;09h;;;;;0.0;0.0;TU;FRANCE;TUNISIA
01_08_2022_06_55;01/08/2022;01/08/2022;TU744;landed;TUN;CARTHAGE;FRA;FRANKFURT MAIN;01/08/2022 07:55;06h;01/08/2022 11:30;10h;;;;;0.0;0.0;TU;GERMANY;TUNISIA
01_08_2022_07_00;01/08/2022;01/08/2022;TU756;landed;TUN;CARTHAGE;MXP;MALPENSA;01/08/2022 08:00;07h;01/08/2022 10:45;09h;;;;;0.0;0.0;TU;ITALY;TUNISIA
01_08_2022_07_05;01/08/2022;01/08/2022;TU752;landed;TUN;CARTHAGE;FCO;FIUMICINO;01/08/2022 08:05;07h;01/08/2022 10:25;09h;;;;;0.0;0.0;TU;ITALY;TUNISIA
01_08_2022_07_15;01/08/2022;01/08/2022;TU711;landed;TUN;CARTHAGE;CMN;MOHAMMED V INTL;01/08/2022 08:15;07h;01/08/2022 10:55;09h;;;;;0.0;0.0;TU;MOROCCO;TUNISIA
01_08_2022_08_35;01/08/2022;01/08/2022;TU202;landed;TUN;CARTHAGE;YUL;PIERRE ELLIOTT TRUDEAU INTL;01/08/2022 09:35;08h;01/08/2022 13:30;12h;;;;;0.0;0.0;TU;CANADA;TUNISIA
31_07_2022_09_45;31/07/2022;31/07/2022;TU151;landed;AMM;QUEEN ALIA INTL;TUN;CARTHAGE;31/07/2022 10:45;10h;31/07/2022 12:35;12h;31/07/2022 11:17;31/07/2022 13:00;31/07/2022 11:17;31/07/2022 13:00;32.0;25.0;TU;TUNISIA;JORDAN
31_07_2022_20_40;31/07/2022;31/07/2022;TU721;landed;ORY;ORLY;TUN;CARTHAGE;31/07/2022 21:40;20h;31/07/2022 23:05;22h;;;;;0.0;0.0;TU;TUNISIA;FRANCE
31_07_2022_22_20;31/07/2022;31/07/2022;TU855;landed;LYS;SAINT EXUPERY;TUN;CARTHAGE;31/07/2022 23:20;23h;01/08/2022 00:15;23h;01/08/2022 00:10;01/08/2022 00:55;01/08/2022 00:10;;50.0;40.0;TU;TUNISIA;FRANCE
31_07_2022_22_45;31/07/2022;31/07/2022;TU515;landed;BCN;BARCELONA;TUN;CARTHAGE;31/07/2022 23:45;22h;01/08/2022 00:20;23h;;;;;0.0;0.0;TU;TUNISIA;SPAIN
31_07_2022_22_45;31/07/2022;31/07/2022;TU217;landed;IST;ATATURK;TUN;CARTHAGE;31/07/2022 23:45;22h;01/08/2022 00:40;23h;;;;;0.0;0.0;TU;TUNISIA;TURKEY
01_08_2022_00_20;01/08/2022;01/08/2022;TU607;landed;MAD;BARAJAS;TUN;CARTHAGE;01/08/2022 01:20;00h;01/08/2022 02:35;01h;;;;;0.0;0.0;TU;TUNISIA;SPAIN
01_08_2022_01_00;01/08/2022;01/08/2022;TU706;landed;CMN;MOHAMMED V INTL;TUN;CARTHAGE;01/08/2022 02:00;01h;01/08/2022 04:25;03h;;;;;0.0;0.0;TU;TUNISIA;MOROCCO
31_07_2022_21_30;31/07/2022;01/08/2022;TU397;landed;ABJ;ABIDJAN FELIX HOUPHOUET BOIGNY INTL;TUN;CARTHAGE;31/07/2022 22:30;21h;01/08/2022 04:45;03h;;;;;0.0;0.0;TU;TUNISIA;COTE D'IVOIRE
31_07_2022_22_50;31/07/2022;01/08/2022;TU564;landed;NKC;NOUAKCHOTT;TUN;CARTHAGE;31/07/2022 23:50;22h;01/08/2022 05:05;04h;;;;;0.0;0.0;TU;TUNISIA;MAURITANIA
31_07_2022_11_15;31/07/2022;31/07/2022;TU374;landed;TUN;CARTHAGE;ALG;HOUARI BOUMEDIENE;31/07/2022 12:15;11h;31/07/2022 13:35;13h;;31/07/2022 14:15;;31/07/2022 14:15;40.0;40.0;TU;ALGERIA;TUNISIA
31_07_2022_11_50;31/07/2022;31/07/2022;TU282;landed;TUN;CARTHAGE;TLS;BLAGNAC;31/07/2022 12:50;13h;31/07/2022 15:45;14h;31/07/2022 14:44;;31/07/2022 14:44;;114.0;0.0;TU;FRANCE;TUNISIA
31_07_2022_11_55;31/07/2022;31/07/2022;TU998;landed;TUN;CARTHAGE;NCE;COTE DAZUR;31/07/2022 12:55;11h;31/07/2022 15:25;15h;;31/07/2022 16:22;;31/07/2022 16:22;57.0;57.0;TU;FRANCE;TUNISIA
31_07_2022_12_30;31/07/2022;31/07/2022;TU856;landed;TUN;CARTHAGE;MXP;MALPENSA;31/07/2022 13:30;13h;31/07/2022 16:15;16h;31/07/2022 14:45;31/07/2022 17:25;31/07/2022 14:45;31/07/2022 17:25;75.0;70.0;TU;ITALY;TUNISIA
31_07_2022_12_45;31/07/2022;31/07/2022;TU152;landed;TUN;CARTHAGE;AMM;QUEEN ALIA INTL;31/07/2022 13:45;13h;31/07/2022 19:30;18h;31/07/2022 14:24;31/07/2022 19:50;31/07/2022 14:24;31/07/2022 19:50;39.0;20.0;TU;JORDAN;TUNISIA
31_07_2022_12_45;31/07/2022;31/07/2022;TU902;landed;TUN;CARTHAGE;MRS;PROVENCE;31/07/2022 13:45;15h;31/07/2022 16:20;18h;31/07/2022 16:05;31/07/2022 19:23;;31/07/2022 19:23;140.0;183.0;TU;FRANCE;TUNISIA
31_07_2022_12_55;31/07/2022;31/07/2022;TU148;landed;TUN;CARTHAGE;DXB;DUBAI INTL;31/07/2022 13:55;13h;31/07/2022 22:40;21h;31/07/2022 14:04;31/07/2022 22:57;31/07/2022 14:04;;9.0;17.0;TU;UNITED ARAB EMIRATES;TUNISIA
31_07_2022_13_05;31/07/2022;31/07/2022;TU700;landed;TUN;CARTHAGE;GVA;GENEVE COINTRIN;31/07/2022 14:05;13h;31/07/2022 17:00;16h;31/07/2022 14:49;31/07/2022 17:42;31/07/2022 14:49;31/07/2022 17:42;44.0;42.0;TU;SWITZERLAND;TUNISIA
31_07_2022_14_10;31/07/2022;31/07/2022;TU850;landed;TUN;CARTHAGE;LYS;SAINT EXUPERY;31/07/2022 15:10;14h;31/07/2022 18:00;17h;;;;;0.0;0.0;TU;FRANCE;TUNISIA
31_07_2022_14_35;31/07/2022;31/07/2022;TU722;landed;TUN;CARTHAGE;ORY;ORLY;31/07/2022 15:35;15h;31/07/2022 19:00;18h;31/07/2022 16:27;31/07/2022 19:42;31/07/2022 16:27;31/07/2022 19:42;52.0;42.0;TU;FRANCE;TUNISIA
31_07_2022_14_55;31/07/2022;31/07/2022;TU397;landed;TUN;CARTHAGE;OUA;OUAGADOUGOU;31/07/2022 15:55;15h;31/07/2022 19:15;18h;31/07/2022 16:32;31/07/2022 19:52;31/07/2022 16:32;;37.0;37.0;TU;BURKINA FASO;TUNISIA
31_07_2022_15_55;31/07/2022;31/07/2022;TU720;landed;TUN;CARTHAGE;ORY;ORLY;31/07/2022 16:55;16h;31/07/2022 20:20;19h;31/07/2022 17:27;31/07/2022 20:39;31/07/2022 17:27;31/07/2022 20:39;32.0;19.0;TU;FRANCE;TUNISIA
31_07_2022_16_55;31/07/2022;31/07/2022;TU216;landed;TUN;CARTHAGE;IST;ATATURK;31/07/2022 17:55;17h;31/07/2022 22:35;21h;31/07/2022 18:20;31/07/2022 22:48;31/07/2022 18:20;31/07/2022 22:48;25.0;13.0;TU;TURKEY;TUNISIA
31_07_2022_18_30;31/07/2022;31/07/2022;TU854;landed;TUN;CARTHAGE;LYS;SAINT EXUPERY;31/07/2022 19:30;19h;31/07/2022 22:20;22h;31/07/2022 20:30;31/07/2022 23:20;31/07/2022 20:30;;60.0;60.0;TU;FRANCE;TUNISIA
31_07_2022_19_05;31/07/2022;31/07/2022;TU514;landed;TUN;CARTHAGE;BCN;BARCELONA;31/07/2022 20:05;19h;31/07/2022 22:45;21h;;31/07/2022 22:34;;31/07/2022 22:34;0.0;11.0;TU;SPAIN;TUNISIA
31_07_2022_20_05;31/07/2022;01/08/2022;TU606;landed;TUN;CARTHAGE;MAD;BARAJAS;31/07/2022 21:05;23h;01/08/2022 00:20;02h;01/08/2022 00:40;01/08/2022 03:45;01/08/2022 00:40;01/08/2022 03:45;215.0;205.0;TU;SPAIN;TUNISIA
31_07_2022_09_35;31/07/2022;31/07/2022;TU753;landed;FCO;FIUMICINO;TUN;CARTHAGE;31/07/2022 10:35;10h;31/07/2022 10:50;10h;31/07/2022 11:03;31/07/2022 11:20;31/07/2022 11:03;31/07/2022 11:20;28.0;30.0;TU;TUNISIA;ITALY
31_07_2022_09_25;31/07/2022;31/07/2022;TU931;landed;MRS;PROVENCE;TUN;CARTHAGE;31/07/2022 10:25;09h;31/07/2022 11:00;10h;31/07/2022 10:32;;31/07/2022 10:32;;7.0;0.0;TU;TUNISIA;FRANCE
31_07_2022_09_30;31/07/2022;31/07/2022;TU997;landed;NCE;COTE DAZUR;TUN;CARTHAGE;31/07/2022 10:30;11h;31/07/2022 11:05;11h;31/07/2022 12:02;31/07/2022 12:30;31/07/2022 12:02;31/07/2022 12:30;92.0;85.0;TU;TUNISIA;FRANCE
31_07_2022_09_20;31/07/2022;31/07/2022;TU717;landed;ORY;ORLY;TUN;CARTHAGE;31/07/2022 10:20;10h;31/07/2022 11:45;11h;31/07/2022 11:19;31/07/2022 12:40;31/07/2022 11:19;31/07/2022 12:40;59.0;55.0;TU;TUNISIA;FRANCE
31_07_2022_10_35;31/07/2022;31/07/2022;TU363;landed;BLQ;BOLOGNA;TUN;CARTHAGE;31/07/2022 11:35;14h;31/07/2022 12:05;11h;31/07/2022 15:10;;;;215.0;215.0;TU;TUNISIA;ITALY
31_07_2022_10_45;31/07/2022;31/07/2022;TU757;landed;MXP;MALPENSA;TUN;CARTHAGE;31/07/2022 11:45;11h;31/07/2022 12:35;12h;31/07/2022 12:45;31/07/2022 13:20;31/07/2022 12:45;31/07/2022 13:20;60.0;45.0;TU;TUNISIA;ITALY
31_07_2022_11_00;31/07/2022;31/07/2022;TU703;landed;GVA;GENEVE COINTRIN;TUN;CARTHAGE;31/07/2022 12:00;11h;31/07/2022 12:55;12h;31/07/2022 12:51;31/07/2022 13:35;31/07/2022 12:51;31/07/2022 13:35;51.0;40.0;TU;TUNISIA;SWITZERLAND
31_07_2022_11_20;31/07/2022;31/07/2022;TU745;landed;FRA;FRANKFURT MAIN;TUN;CARTHAGE;31/07/2022 12:20;11h;31/07/2022 13:40;12h;;;;;0.0;0.0;TU;TUNISIA;GERMANY
31_07_2022_12_10;31/07/2022;31/07/2022;TU215;landed;IST;ATATURK;TUN;CARTHAGE;31/07/2022 13:10;12h;31/07/2022 13:55;13h;31/07/2022 13:05;31/07/2022 14:05;31/07/2022 13:05;31/07/2022 14:05;10.0;10.0;TU;TUNISIA;TURKEY
31_07_2022_11_25;31/07/2022;31/07/2022;TU789;landed;BRU;BRUSSELS NATL;TUN;CARTHAGE;31/07/2022 12:25;12h;31/07/2022 14:00;13h;31/07/2022 13:16;31/07/2022 14:35;31/07/2022 13:16;31/07/2022 14:35;51.0;35.0;TU;TUNISIA;BELGIUM
31_07_2022_11_40;31/07/2022;31/07/2022;TU719;landed;ORY;ORLY;TUN;CARTHAGE;31/07/2022 12:40;11h;31/07/2022 14:05;13h;31/07/2022 12:55;31/07/2022 14:15;31/07/2022 12:55;31/07/2022 14:15;15.0;10.0;TU;TUNISIA;FRANCE
31_07_2022_13_35;31/07/2022;31/07/2022;TU375;landed;ALG;HOUARI BOUMEDIENE;TUN;CARTHAGE;31/07/2022 14:35;14h;31/07/2022 15:45;15h;31/07/2022 15:15;31/07/2022 16:20;31/07/2022 15:15;31/07/2022 16:20;40.0;35.0;TU;TUNISIA;ALGERIA
31_07_2022_15_15;31/07/2022;31/07/2022;TU999;landed;NCE;COTE DAZUR;TUN;CARTHAGE;31/07/2022 16:15;16h;31/07/2022 16:50;15h;31/07/2022 17:45;;31/07/2022 17:45;;90.0;0.0;TU;TUNISIA;FRANCE
31_07_2022_15_45;31/07/2022;31/07/2022;TU283;landed;TLS;BLAGNAC;TUN;CARTHAGE;31/07/2022 16:45;17h;31/07/2022 17:35;18h;31/07/2022 18:05;31/07/2022 19:05;31/07/2022 18:05;31/07/2022 19:05;80.0;90.0;TU;TUNISIA;FRANCE
31_07_2022_16_20;31/07/2022;31/07/2022;TU903;landed;MRS;PROVENCE;TUN;CARTHAGE;31/07/2022 17:20;16h;31/07/2022 17:55;16h;;;;;0.0;0.0;TU;TUNISIA;FRANCE
31_07_2022_16_15;31/07/2022;31/07/2022;TU857;landed;MXP;MALPENSA;TUN;CARTHAGE;31/07/2022 17:15;17h;31/07/2022 18:05;18h;31/07/2022 18:30;31/07/2022 19:22;31/07/2022 18:30;31/07/2022 19:22;75.0;77.0;TU;TUNISIA;ITALY
31_07_2022_17_00;31/07/2022;31/07/2022;TU701;landed;GVA;GENEVE COINTRIN;TUN;CARTHAGE;31/07/2022 18:00;17h;31/07/2022 18:55;18h;31/07/2022 18:35;31/07/2022 19:25;31/07/2022 18:35;31/07/2022 19:25;35.0;30.0;TU;TUNISIA;SWITZERLAND
31_07_2022_18_00;31/07/2022;31/07/2022;TU851;landed;LYS;SAINT EXUPERY;TUN;CARTHAGE;31/07/2022 19:00;20h;31/07/2022 19:55;21h;31/07/2022 21:40;31/07/2022 22:25;31/07/2022 21:40;31/07/2022 22:25;160.0;150.0;TU;TUNISIA;FRANCE
31_07_2022_19_30;31/07/2022;31/07/2022;TU723;landed;ORY;ORLY;TUN;CARTHAGE;31/07/2022 20:30;19h;31/07/2022 21:55;21h;31/07/2022 20:45;31/07/2022 22:00;31/07/2022 20:45;31/07/2022 22:00;15.0;5.0;TU;TUNISIA;FRANCE
01_08_2022_07_45;01/08/2022;01/08/2022;TU147;landed;DXB;DUBAI INTL;TUN;CARTHAGE;01/08/2022 08:45;08h;01/08/2022 11:55;11h;01/08/2022 09:18;01/08/2022 12:04;01/08/2022 09:18;01/08/2022 12:04;33.0;9.0;TU;TUNISIA;UNITED ARAB EMIRATES
02_08_2022_05_00;02/08/2022;02/08/2022;TU716;landed;TUN;CARTHAGE;ORY;ORLY;02/08/2022 06:00;05h;02/08/2022 09:20;08h;;;;;0.0;0.0;TU;FRANCE;TUNISIA
02_08_2022_05_50;02/08/2022;02/08/2022;TU930;landed;TUN;CARTHAGE;MRS;PROVENCE;02/08/2022 06:50;05h;02/08/2022 09:25;08h;;;;;0.0;0.0;TU;FRANCE;TUNISIA
02_08_2022_06_10;02/08/2022;02/08/2022;TU214;landed;TUN;CARTHAGE;IST;ATATURK;02/08/2022 07:10;06h;02/08/2022 11:40;10h;;;;;0.0;0.0;TU;TURKEY;TUNISIA
02_08_2022_06_20;02/08/2022;02/08/2022;TU642;landed;TUN;CARTHAGE;VIE;SCHWECHAT;02/08/2022 07:20;06h;02/08/2022 10:35;09h;;;;;0.0;0.0;TU;AUSTRIA;TUNISIA
02_08_2022_06_40;02/08/2022;02/08/2022;TU750;landed;TUN;CARTHAGE;LYS;SAINT EXUPERY;02/08/2022 07:40;06h;02/08/2022 10:30;09h;;;;;0.0;0.0;TU;FRANCE;TUNISIA
02_08_2022_06_45;02/08/2022;02/08/2022;TU718;landed;TUN;CARTHAGE;ORY;ORLY;02/08/2022 07:45;06h;02/08/2022 11:10;10h;;;;;0.0;0.0;TU;FRANCE;TUNISIA
02_08_2022_06_50;02/08/2022;02/08/2022;TU788;landed;TUN;CARTHAGE;BRU;BRUSSELS NATL;02/08/2022 07:50;06h;02/08/2022 11:25;10h;;;;;0.0;0.0;TU;BELGIUM;TUNISIA
02_08_2022_07_00;02/08/2022;02/08/2022;TU756;landed;TUN;CARTHAGE;MXP;MALPENSA;02/08/2022 08:00;07h;02/08/2022 10:45;09h;;;;;0.0;0.0;TU;ITALY;TUNISIA
02_08_2022_07_05;02/08/2022;02/08/2022;TU282;landed;TUN;CARTHAGE;TLS;BLAGNAC;02/08/2022 08:05;07h;02/08/2022 11:00;10h;;;;;0.0;0.0;TU;FRANCE;TUNISIA
02_08_2022_07_05;02/08/2022;02/08/2022;TU752;landed;TUN;CARTHAGE;FCO;FIUMICINO;02/08/2022 08:05;07h;02/08/2022 10:25;09h;;;;;0.0;0.0;TU;ITALY;TUNISIA
01_08_2022_09_45;01/08/2022;01/08/2022;TU151;landed;AMM;QUEEN ALIA INTL;TUN;CARTHAGE;01/08/2022 10:45;10h;01/08/2022 12:35;11h;01/08/2022 11:04;01/08/2022 12:40;01/08/2022 11:04;01/08/2022 12:40;19.0;5.0;TU;TUNISIA;JORDAN
01_08_2022_20_50;01/08/2022;01/08/2022;TU725;landed;ORY;ORLY;TUN;CARTHAGE;01/08/2022 21:50;21h;01/08/2022 23:15;22h;01/08/2022 22:38;01/08/2022 23:50;01/08/2022 22:38;;48.0;35.0;TU;TUNISIA;FRANCE
01_08_2022_22_00;01/08/2022;01/08/2022;TU929;landed;MRS;PROVENCE;TUN;CARTHAGE;01/08/2022 23:00;22h;01/08/2022 23:30;22h;;;;;0.0;0.0;TU;TUNISIA;FRANCE
01_08_2022_22_45;01/08/2022;01/08/2022;TU217;landed;IST;ATATURK;TUN;CARTHAGE;01/08/2022 23:45;22h;02/08/2022 00:40;23h;;;;;0.0;0.0;TU;TUNISIA;TURKEY
01_08_2022_14_30;01/08/2022;02/08/2022;TU203;landed;YUL;PIERRE ELLIOTT TRUDEAU INTL;TUN;CARTHAGE;01/08/2022 15:30;14h;02/08/2022 04:45;03h;;;;;0.0;0.0;TU;TUNISIA;CANADA
01_08_2022_10_55;01/08/2022;01/08/2022;TU417;landed;TUN;CARTHAGE;BEN;BENINA;01/08/2022 11:55;11h;01/08/2022 14:40;13h;01/08/2022 12:30;;01/08/2022 12:30;;35.0;0.0;TU;LIBYA;TUNISIA
01_08_2022_11_10;01/08/2022;01/08/2022;TU902;landed;TUN;CARTHAGE;MRS;PROVENCE;01/08/2022 12:10;11h;01/08/2022 14:45;13h;01/08/2022 12:26;01/08/2022 14:55;01/08/2022 12:26;01/08/2022 14:55;16.0;10.0;TU;FRANCE;TUNISIA
01_08_2022_11_15;01/08/2022;01/08/2022;TU374;landed;TUN;CARTHAGE;ALG;HOUARI BOUMEDIENE;01/08/2022 12:15;11h;01/08/2022 13:35;13h;01/08/2022 12:48;01/08/2022 14:05;01/08/2022 12:48;01/08/2022 14:05;33.0;30.0;TU;ALGERIA;TUNISIA
01_08_2022_11_35;01/08/2022;01/08/2022;TU700;landed;TUN;CARTHAGE;GVA;GENEVE COINTRIN;01/08/2022 12:35;12h;01/08/2022 15:30;15h;01/08/2022 13:24;01/08/2022 16:11;01/08/2022 13:24;01/08/2022 16:11;49.0;41.0;TU;SWITZERLAND;TUNISIA
01_08_2022_11_45;01/08/2022;01/08/2022;TU246;landed;TUN;CARTHAGE;SXB;ENTZHEIM;01/08/2022 12:45;12h;01/08/2022 16:00;15h;01/08/2022 13:37;01/08/2022 16:39;01/08/2022 13:37;01/08/2022 16:39;52.0;39.0;TU;FRANCE;TUNISIA
01_08_2022_12_40;01/08/2022;01/08/2022;TU542;landed;TUN;CARTHAGE;MUC;FRANZ JOSEF STRAUSS;01/08/2022 13:40;13h;01/08/2022 16:50;16h;01/08/2022 14:06;01/08/2022 17:12;01/08/2022 14:06;;26.0;22.0;TU;GERMANY;TUNISIA
01_08_2022_12_45;01/08/2022;01/08/2022;TU152;landed;TUN;CARTHAGE;AMM;QUEEN ALIA INTL;01/08/2022 13:45;13h;01/08/2022 19:30;19h;01/08/2022 14:29;01/08/2022 20:12;01/08/2022 14:29;01/08/2022 20:12;44.0;42.0;TU;JORDAN;TUNISIA
01_08_2022_12_55;01/08/2022;01/08/2022;TU148;landed;TUN;CARTHAGE;DXB;DUBAI INTL;01/08/2022 13:55;14h;01/08/2022 22:40;22h;01/08/2022 15:00;01/08/2022 23:45;01/08/2022 15:00;;65.0;65.0;TU;UNITED ARAB EMIRATES;TUNISIA
01_08_2022_09_30;01/08/2022;01/08/2022;TU404;landed;MJI;MITIGA AIRPORT;TUN;CARTHAGE;01/08/2022 10:30;09h;01/08/2022 10:45;10h;;01/08/2022 11:30;;01/08/2022 11:30;45.0;45.0;TU;TUNISIA;LIBYA
01_08_2022_09_20;01/08/2022;01/08/2022;TU997;landed;NCE;COTE DAZUR;TUN;CARTHAGE;01/08/2022 10:20;10h;01/08/2022 10:55;10h;01/08/2022 11:14;01/08/2022 11:35;01/08/2022 11:14;01/08/2022 11:35;54.0;40.0;TU;TUNISIA;FRANCE
01_08_2022_09_25;01/08/2022;01/08/2022;TU931;landed;MRS;PROVENCE;TUN;CARTHAGE;01/08/2022 10:25;09h;01/08/2022 11:00;10h;01/08/2022 10:35;;01/08/2022 10:35;;10.0;0.0;TU;TUNISIA;FRANCE
01_08_2022_10_25;01/08/2022;01/08/2022;TU753;landed;FCO;FIUMICINO;TUN;CARTHAGE;01/08/2022 11:25;10h;01/08/2022 11:40;10h;01/08/2022 11:31;01/08/2022 11:50;01/08/2022 11:31;01/08/2022 11:50;6.0;10.0;TU;TUNISIA;ITALY
01_08_2022_09_20;01/08/2022;01/08/2022;TU717;landed;ORY;ORLY;TUN;CARTHAGE;01/08/2022 10:20;09h;01/08/2022 11:45;10h;01/08/2022 10:31;;01/08/2022 10:31;;11.0;0.0;TU;TUNISIA;FRANCE
01_08_2022_10_30;01/08/2022;01/08/2022;TU751;landed;LYS;SAINT EXUPERY;TUN;CARTHAGE;01/08/2022 11:30;11h;01/08/2022 12:25;12h;01/08/2022 12:10;01/08/2022 13:00;01/08/2022 12:10;01/08/2022 13:00;40.0;35.0;TU;TUNISIA;FRANCE
01_08_2022_10_45;01/08/2022;01/08/2022;TU757;landed;MXP;MALPENSA;TUN;CARTHAGE;01/08/2022 11:45;10h;01/08/2022 12:35;11h;01/08/2022 11:54;01/08/2022 12:40;01/08/2022 11:54;01/08/2022 12:40;9.0;5.0;TU;TUNISIA;ITALY
01_08_2022_11_20;01/08/2022;01/08/2022;TU745;landed;FRA;FRANKFURT MAIN;TUN;CARTHAGE;01/08/2022 12:20;11h;01/08/2022 13:40;13h;;01/08/2022 14:58;;;78.0;78.0;TU;TUNISIA;GERMANY
01_08_2022_11_40;01/08/2022;01/08/2022;TU719;landed;ORY;ORLY;TUN;CARTHAGE;01/08/2022 12:40;11h;01/08/2022 14:05;13h;01/08/2022 12:55;01/08/2022 14:25;01/08/2022 12:55;01/08/2022 14:25;15.0;20.0;TU;TUNISIA;FRANCE
01_08_2022_10_45;01/08/2022;01/08/2022;TU712;landed;CMN;MOHAMMED V INTL;TUN;CARTHAGE;01/08/2022 11:45;10h;01/08/2022 14:10;13h;01/08/2022 11:35;01/08/2022 14:00;01/08/2022 11:35;01/08/2022 14:00;0.0;0.0;TU;TUNISIA;MOROCCO
01_08_2022_13_10;01/08/2022;01/08/2022;TU792;landed;TUN;CARTHAGE;STN;STANSTED;01/08/2022 14:10;13h;01/08/2022 17:15;17h;;01/08/2022 18:39;;;84.0;84.0;TU;UNITED KINGDOM;TUNISIA
01_08_2022_13_35;01/08/2022;01/08/2022;TU375;landed;ALG;HOUARI BOUMEDIENE;TUN;CARTHAGE;01/08/2022 14:35;14h;01/08/2022 15:45;15h;01/08/2022 15:00;01/08/2022 16:05;01/08/2022 15:00;01/08/2022 16:05;25.0;20.0;TU;TUNISIA;ALGERIA
01_08_2022_14_45;01/08/2022;01/08/2022;TU903;landed;MRS;PROVENCE;TUN;CARTHAGE;01/08/2022 15:45;15h;01/08/2022 16:20;15h;01/08/2022 16:04;01/08/2022 16:35;01/08/2022 16:04;01/08/2022 16:35;19.0;15.0;TU;TUNISIA;FRANCE
01_08_2022_14_40;01/08/2022;01/08/2022;TU418;landed;BEN;BENINA;TUN;CARTHAGE;01/08/2022 15:40;14h;01/08/2022 16:30;15h;;;;;0.0;0.0;TU;TUNISIA;LIBYA
01_08_2022_14_10;01/08/2022;01/08/2022;TU526;landed;TUN;CARTHAGE;DUS;DUSSELDORF;01/08/2022 15:10;15h;01/08/2022 18:55;18h;01/08/2022 16:05;01/08/2022 19:43;01/08/2022 16:05;01/08/2022 19:43;55.0;48.0;TU;GERMANY;TUNISIA
01_08_2022_14_35;01/08/2022;01/08/2022;TU722;landed;TUN;CARTHAGE;ORY;ORLY;01/08/2022 15:35;15h;01/08/2022 19:00;18h;01/08/2022 16:06;01/08/2022 19:24;01/08/2022 16:06;01/08/2022 19:24;31.0;24.0;TU;FRANCE;TUNISIA
01_08_2022_15_30;01/08/2022;01/08/2022;TU701;landed;GVA;GENEVE COINTRIN;TUN;CARTHAGE;01/08/2022 16:30;16h;01/08/2022 17:25;16h;01/08/2022 17:11;;01/08/2022 17:11;;41.0;0.0;TU;TUNISIA;SWITZERLAND
01_08_2022_15_50;01/08/2022;01/08/2022;TU247;landed;SXB;ENTZHEIM;TUN;CARTHAGE;01/08/2022 16:50;16h;01/08/2022 18:00;17h;01/08/2022 17:29;01/08/2022 18:30;01/08/2022 17:29;01/08/2022 18:30;39.0;30.0;TU;TUNISIA;FRANCE
01_08_2022_16_55;01/08/2022;01/08/2022;TU543;landed;MUC;FRANZ JOSEF STRAUSS;TUN;CARTHAGE;01/08/2022 17:55;16h;01/08/2022 19:00;18h;;01/08/2022 19:58;;;58.0;58.0;TU;TUNISIA;GERMANY
01_08_2022_16_30;01/08/2022;01/08/2022;TU724;landed;TUN;CARTHAGE;ORY;ORLY;01/08/2022 17:30;17h;01/08/2022 20:50;20h;01/08/2022 18:19;01/08/2022 21:38;01/08/2022 18:19;01/08/2022 21:38;49.0;48.0;TU;FRANCE;TUNISIA
01_08_2022_16_55;01/08/2022;01/08/2022;TU216;landed;TUN;CARTHAGE;IST;ATATURK;01/08/2022 17:55;17h;01/08/2022 22:35;21h;01/08/2022 18:10;01/08/2022 22:51;01/08/2022 18:10;01/08/2022 22:51;15.0;16.0;TU;TURKEY;TUNISIA
01_08_2022_17_15;01/08/2022;01/08/2022;TU793;landed;STN;STANSTED;TUN;CARTHAGE;01/08/2022 18:15;17h;01/08/2022 21:20;20h;01/08/2022 18:53;01/08/2022 21:35;01/08/2022 18:53;01/08/2022 21:35;38.0;15.0;TU;TUNISIA;UNITED KINGDOM
01_08_2022_18_55;01/08/2022;01/08/2022;TU527;landed;DUS;DUSSELDORF;TUN;CARTHAGE;01/08/2022 19:55;18h;01/08/2022 21:30;20h;;;;;0.0;0.0;TU;TUNISIA;GERMANY
01_08_2022_18_25;01/08/2022;01/08/2022;TU928;landed;TUN;CARTHAGE;MRS;PROVENCE;01/08/2022 19:25;18h;01/08/2022 22:00;21h;01/08/2022 19:42;01/08/2022 22:12;01/08/2022 19:42;01/08/2022 22:12;17.0;12.0;TU;FRANCE;TUNISIA
01_08_2022_19_30;01/08/2022;01/08/2022;TU723;landed;ORY;ORLY;TUN;CARTHAGE;01/08/2022 20:30;19h;01/08/2022 21:55;20h;;01/08/2022 21:45;;01/08/2022 21:45;0.0;0.0;TU;TUNISIA;FRANCE
02_08_2022_16_15;02/08/2022;02/08/2022;TU399;landed;TUN;CARTHAGE;ABJ;ABIDJAN FELIX HOUPHOUET BOIGNY INTL;02/08/2022 17:15;16h;02/08/2022 21:30;20h;;;;;0.0;0.0;TU;COTE DIVOIRE;TUNISIA
02_08_2022_16_25;02/08/2022;02/08/2022;TU395;landed;TUN;CARTHAGE;BKO;SENOU;02/08/2022 17:25;16h;02/08/2022 21:10;20h;;;;;0.0;0.0;TU;MALI;TUNISIA
02_08_2022_19_00;02/08/2022;02/08/2022;TU711;landed;TUN;CARTHAGE;CMN;MOHAMMED V INTL;02/08/2022 20:00;19h;02/08/2022 22:40;21h;;;;;0.0;0.0;TU;MOROCCO;TUNISIA
02_08_2022_21_30;02/08/2022;03/08/2022;TU813;landed;TUN;CARTHAGE;CAI;CAIRO INTL;02/08/2022 22:30;21h;03/08/2022 02:30;01h;;;;;0.0;0.0;TU;EGYPT;TUNISIA
03_08_2022_05_00;03/08/2022;03/08/2022;TU716;landed;TUN;CARTHAGE;ORY;ORLY;03/08/2022 06:00;05h;03/08/2022 09:20;08h;;;;;0.0;0.0;TU;FRANCE;TUNISIA
03_08_2022_05_50;03/08/2022;03/08/2022;TU930;landed;TUN;CARTHAGE;MRS;PROVENCE;03/08/2022 06:50;05h;03/08/2022 09:25;08h;;;;;0.0;0.0;TU;FRANCE;TUNISIA
03_08_2022_06_00;03/08/2022;03/08/2022;TU996;landed;TUN;CARTHAGE;NCE;COTE DAZUR;03/08/2022 07:00;06h;03/08/2022 09:30;08h;;;;;0.0;0.0;TU;FRANCE;TUNISIA
03_08_2022_06_20;03/08/2022;03/08/2022;TU403;landed;TUN;CARTHAGE;MJI;MITIGA AIRPORT;03/08/2022 07:20;06h;03/08/2022 09:30;08h;;;;;0.0;0.0;TU;LIBYA;TUNISIA
03_08_2022_06_45;03/08/2022;03/08/2022;TU718;active;TUN;CARTHAGE;ORY;ORLY;03/08/2022 07:45;06h;03/08/2022 11:10;10h;;;;;0.0;0.0;TU;FRANCE;TUNISIA
03_08_2022_06_50;03/08/2022;03/08/2022;TU788;active;TUN;CARTHAGE;BRU;BRUSSELS NATL;03/08/2022 07:50;06h;03/08/2022 11:25;10h;;;;;0.0;0.0;TU;BELGIUM;TUNISIA
03_08_2022_06_55;03/08/2022;03/08/2022;TU744;active;TUN;CARTHAGE;FRA;FRANKFURT MAIN;03/08/2022 07:55;06h;03/08/2022 11:30;10h;;;;;0.0;0.0;TU;GERMANY;TUNISIA
03_08_2022_07_00;03/08/2022;03/08/2022;TU756;landed;TUN;CARTHAGE;MXP;MALPENSA;03/08/2022 08:00;07h;03/08/2022 10:45;09h;;;;;0.0;0.0;TU;ITALY;TUNISIA
03_08_2022_07_10;03/08/2022;03/08/2022;TU472;landed;TUN;CARTHAGE;VCE;VENEZIA TESSERA;03/08/2022 08:10;07h;03/08/2022 10:55;09h;;;;;0.0;0.0;TU;ITALY;TUNISIA
03_08_2022_08_35;03/08/2022;03/08/2022;TU202;active;TUN;CARTHAGE;YUL;PIERRE ELLIOTT TRUDEAU INTL;03/08/2022 09:35;08h;03/08/2022 13:30;12h;;;;;0.0;0.0;TU;CANADA;TUNISIA
02_08_2022_09_45;02/08/2022;02/08/2022;TU151;landed;AMM;QUEEN ALIA INTL;TUN;CARTHAGE;02/08/2022 10:45;09h;02/08/2022 12:35;11h;02/08/2022 10:47;02/08/2022 12:37;02/08/2022 10:47;02/08/2022 12:37;2.0;2.0;TU;TUNISIA;JORDAN
02_08_2022_20_40;02/08/2022;02/08/2022;TU721;landed;ORY;ORLY;TUN;CARTHAGE;02/08/2022 21:40;20h;02/08/2022 23:05;22h;;;;;0.0;0.0;TU;TUNISIA;FRANCE
02_08_2022_20_50;02/08/2022;02/08/2022;TU725;landed;ORY;ORLY;TUN;CARTHAGE;02/08/2022 21:50;20h;02/08/2022 23:15;22h;;;;;0.0;0.0;TU;TUNISIA;FRANCE
02_08_2022_22_40;03/08/2022;02/08/2022;TU629;landed;BOD;MERIGNAC;TUN;CARTHAGE;02/08/2022 23:40;00h;03/08/2022 00:45;23h;03/08/2022 01:00;;;;80.0;80.0;TU;TUNISIA;FRANCE
02_08_2022_22_30;02/08/2022;03/08/2022;TU712;landed;CMN;MOHAMMED V INTL;TUN;CARTHAGE;02/08/2022 23:30;22h;03/08/2022 01:55;00h;;;;;0.0;0.0;TU;TUNISIA;MOROCCO
02_08_2022_21_00;02/08/2022;03/08/2022;TU395;landed;BKO;SENOU;TUN;CARTHAGE;02/08/2022 22:00;21h;03/08/2022 03:30;03h;;03/08/2022 04:45;;;0.0;75.0;TU;TUNISIA;MALI
02_08_2022_22_00;02/08/2022;03/08/2022;TU841;landed;CKY;CONAKRY;TUN;CARTHAGE;02/08/2022 23:00;22h;03/08/2022 05:05;04h;;;;;0.0;0.0;TU;TUNISIA;GUINEA
03_08_2022_02_30;03/08/2022;03/08/2022;TU814;landed;CAI;CAIRO INTL;TUN;CARTHAGE;03/08/2022 03:30;02h;03/08/2022 05:45;04h;;;;;0.0;0.0;TU;TUNISIA;EGYPT
03_08_2022_01_25;03/08/2022;03/08/2022;TU399;landed;NIM;DIORI HAMANI;TUN;CARTHAGE;03/08/2022 02:25;01h;03/08/2022 06:05;05h;;;;;0.0;0.0;TU;TUNISIA;NIGER
02_08_2022_11_00;02/08/2022;02/08/2022;TU708;landed;TUN;CARTHAGE;ORN;ES SENIA;02/08/2022 12:00;11h;02/08/2022 13:45;12h;;02/08/2022 13:35;;02/08/2022 13:35;0.0;0.0;TU;ALGERIA;TUNISIA
02_08_2022_11_30;02/08/2022;02/08/2022;TU362;landed;TUN;CARTHAGE;BLQ;BOLOGNA;02/08/2022 12:30;11h;02/08/2022 15:05;14h;02/08/2022 12:45;02/08/2022 15:15;02/08/2022 12:45;;15.0;10.0;TU;ITALY;TUNISIA
02_08_2022_11_45;02/08/2022;02/08/2022;TU374;landed;TUN;CARTHAGE;ALG;HOUARI BOUMEDIENE;02/08/2022 12:45;11h;02/08/2022 14:05;13h;02/08/2022 12:47;02/08/2022 14:10;02/08/2022 12:47;02/08/2022 14:10;2.0;5.0;TU;ALGERIA;TUNISIA
02_08_2022_12_45;02/08/2022;02/08/2022;TU152;landed;TUN;CARTHAGE;AMM;QUEEN ALIA INTL;02/08/2022 13:45;12h;02/08/2022 19:30;18h;02/08/2022 13:56;02/08/2022 19:45;02/08/2022 13:56;02/08/2022 19:45;11.0;15.0;TU;JORDAN;TUNISIA
02_08_2022_12_45;02/08/2022;02/08/2022;TU902;landed;TUN;CARTHAGE;MRS;PROVENCE;02/08/2022 13:45;14h;02/08/2022 16:20;16h;02/08/2022 15:02;02/08/2022 17:37;02/08/2022 15:02;02/08/2022 17:37;77.0;77.0;TU;FRANCE;TUNISIA
02_08_2022_12_55;02/08/2022;02/08/2022;TU792;landed;TUN;CARTHAGE;STN;STANSTED;02/08/2022 13:55;13h;02/08/2022 17:00;16h;02/08/2022 14:08;;02/08/2022 14:08;;13.0;0.0;TU;UNITED KINGDOM;TUNISIA
02_08_2022_13_00;02/08/2022;02/08/2022;TU998;landed;TUN;CARTHAGE;NCE;COTE DAZUR;02/08/2022 14:00;13h;02/08/2022 16:30;15h;;02/08/2022 16:52;;02/08/2022 16:52;22.0;22.0;TU;FRANCE;TUNISIA
02_08_2022_13_05;02/08/2022;02/08/2022;TU700;landed;TUN;CARTHAGE;GVA;GENEVE COINTRIN;02/08/2022 14:05;13h;02/08/2022 17:00;16h;02/08/2022 14:19;02/08/2022 17:02;02/08/2022 14:19;02/08/2022 17:02;14.0;2.0;TU;SWITZERLAND;TUNISIA
02_08_2022_14_30;02/08/2022;02/08/2022;TU841;landed;TUN;CARTHAGE;DSS;BLAISE DIAGNE INTERNATIONAL AIRPORT;02/08/2022 15:30;15h;02/08/2022 19:40;19h;02/08/2022 16:27;02/08/2022 20:00;02/08/2022 16:27;;57.0;20.0;TU;SENEGAL;TUNISIA
02_08_2022_14_35;02/08/2022;02/08/2022;TU722;landed;TUN;CARTHAGE;ORY;ORLY;02/08/2022 15:35;15h;02/08/2022 19:00;19h;02/08/2022 16:47;02/08/2022 20:00;02/08/2022 16:47;02/08/2022 20:00;72.0;60.0;TU;FRANCE;TUNISIA
02_08_2022_16_05;02/08/2022;02/08/2022;TU720;landed;TUN;CARTHAGE;ORY;ORLY;02/08/2022 17:05;17h;02/08/2022 20:30;21h;02/08/2022 18:52;02/08/2022 22:08;02/08/2022 18:52;02/08/2022 22:08;107.0;98.0;TU;FRANCE;TUNISIA
02_08_2022_16_30;02/08/2022;02/08/2022;TU724;landed;TUN;CARTHAGE;ORY;ORLY;02/08/2022 17:30;17h;02/08/2022 20:50;20h;02/08/2022 18:09;02/08/2022 21:23;02/08/2022 18:09;02/08/2022 21:23;39.0;33.0;TU;FRANCE;TUNISIA
02_08_2022_18_30;02/08/2022;02/08/2022;TU628;landed;TUN;CARTHAGE;BOD;MERIGNAC;02/08/2022 19:30;18h;02/08/2022 22:40;22h;;02/08/2022 23:15;;;35.0;35.0;TU;FRANCE;TUNISIA
02_08_2022_09_25;02/08/2022;02/08/2022;TU931;landed;MRS;PROVENCE;TUN;CARTHAGE;02/08/2022 10:25;09h;02/08/2022 11:00;09h;02/08/2022 10:15;02/08/2022 10:45;02/08/2022 10:15;02/08/2022 10:45;0.0;0.0;TU;TUNISIA;FRANCE
02_08_2022_10_25;02/08/2022;02/08/2022;TU753;landed;FCO;FIUMICINO;TUN;CARTHAGE;02/08/2022 11:25;10h;02/08/2022 11:40;10h;02/08/2022 11:30;02/08/2022 11:45;02/08/2022 11:30;02/08/2022 11:45;5.0;5.0;TU;TUNISIA;ITALY
02_08_2022_09_20;02/08/2022;02/08/2022;TU717;landed;ORY;ORLY;TUN;CARTHAGE;02/08/2022 10:20;09h;02/08/2022 11:45;10h;02/08/2022 10:22;02/08/2022 11:35;02/08/2022 10:22;02/08/2022 11:35;2.0;0.0;TU;TUNISIA;FRANCE
02_08_2022_10_30;02/08/2022;02/08/2022;TU751;landed;LYS;SAINT EXUPERY;TUN;CARTHAGE;02/08/2022 11:30;10h;02/08/2022 12:25;11h;02/08/2022 11:36;;02/08/2022 11:36;;6.0;0.0;TU;TUNISIA;FRANCE
02_08_2022_10_45;02/08/2022;02/08/2022;TU757;landed;MXP;MALPENSA;TUN;CARTHAGE;02/08/2022 11:45;11h;02/08/2022 12:35;12h;02/08/2022 12:20;02/08/2022 13:00;02/08/2022 12:20;;35.0;25.0;TU;TUNISIA;ITALY
02_08_2022_10_35;02/08/2022;02/08/2022;TU643;landed;VIE;SCHWECHAT;TUN;CARTHAGE;02/08/2022 11:35;11h;02/08/2022 12:45;12h;02/08/2022 12:03;02/08/2022 13:00;02/08/2022 12:03;;28.0;15.0;TU;TUNISIA;AUSTRIA
02_08_2022_11_00;02/08/2022;02/08/2022;TU283;landed;TLS;BLAGNAC;TUN;CARTHAGE;02/08/2022 12:00;11h;02/08/2022 12:50;11h;02/08/2022 12:30;;02/08/2022 12:30;;30.0;0.0;TU;TUNISIA;FRANCE
02_08_2022_12_10;02/08/2022;02/08/2022;TU215;landed;IST;ATATURK;TUN;CARTHAGE;02/08/2022 13:10;12h;02/08/2022 13:55;13h;02/08/2022 13:25;02/08/2022 14:19;02/08/2022 13:25;;15.0;24.0;TU;TUNISIA;TURKEY
02_08_2022_11_25;02/08/2022;02/08/2022;TU789;landed;BRU;BRUSSELS NATL;TUN;CARTHAGE;02/08/2022 12:25;12h;02/08/2022 14:00;13h;02/08/2022 13:36;;02/08/2022 13:36;;71.0;0.0;TU;TUNISIA;BELGIUM
02_08_2022_11_40;02/08/2022;02/08/2022;TU719;landed;ORY;ORLY;TUN;CARTHAGE;02/08/2022 12:40;12h;02/08/2022 14:05;13h;02/08/2022 13:29;02/08/2022 14:43;02/08/2022 13:29;;49.0;38.0;TU;TUNISIA;FRANCE
02_08_2022_14_05;02/08/2022;02/08/2022;TU375;landed;ALG;HOUARI BOUMEDIENE;TUN;CARTHAGE;02/08/2022 15:05;14h;02/08/2022 16:15;15h;02/08/2022 15:15;02/08/2022 16:40;02/08/2022 15:15;;10.0;25.0;TU;TUNISIA;ALGERIA
02_08_2022_14_55;02/08/2022;02/08/2022;TU363;landed;BLQ;BOLOGNA;TUN;CARTHAGE;02/08/2022 15:55;14h;02/08/2022 16:25;16h;;02/08/2022 17:26;;;61.0;61.0;TU;TUNISIA;ITALY
02_08_2022_13_45;02/08/2022;02/08/2022;TU709;landed;ORN;ES SENIA;TUN;CARTHAGE;02/08/2022 14:45;13h;02/08/2022 16:25;15h;02/08/2022 14:30;;02/08/2022 14:30;;0.0;0.0;TU;TUNISIA;ALGERIA
02_08_2022_16_20;02/08/2022;02/08/2022;TU903;landed;MRS;PROVENCE;TUN;CARTHAGE;02/08/2022 17:20;17h;02/08/2022 17:55;18h;02/08/2022 18:59;02/08/2022 19:35;02/08/2022 18:59;02/08/2022 19:35;99.0;100.0;TU;TUNISIA;FRANCE
02_08_2022_16_30;02/08/2022;02/08/2022;TU999;landed;NCE;COTE DAZUR;TUN;CARTHAGE;02/08/2022 17:30;16h;02/08/2022 18:05;17h;02/08/2022 17:45;02/08/2022 18:20;02/08/2022 17:45;02/08/2022 18:20;15.0;15.0;TU;TUNISIA;FRANCE
02_08_2022_17_00;02/08/2022;02/08/2022;TU701;landed;GVA;GENEVE COINTRIN;TUN;CARTHAGE;02/08/2022 18:00;17h;02/08/2022 18:55;17h;02/08/2022 18:10;02/08/2022 18:54;02/08/2022 18:10;;10.0;0.0;TU;TUNISIA;SWITZERLAND
02_08_2022_16_50;02/08/2022;02/08/2022;TU793;landed;STN;STANSTED;TUN;CARTHAGE;02/08/2022 17:50;17h;02/08/2022 20:55;20h;02/08/2022 18:45;02/08/2022 21:35;02/08/2022 18:45;02/08/2022 21:35;55.0;40.0;TU;TUNISIA;UNITED KINGDOM
02_08_2022_19_30;02/08/2022;02/08/2022;TU723;landed;ORY;ORLY;TUN;CARTHAGE;02/08/2022 20:30;20h;02/08/2022 21:55;21h;02/08/2022 21:25;02/08/2022 22:40;02/08/2022 21:25;;55.0;45.0;TU;TUNISIA;FRANCE
03_08_2022_07_45;03/08/2022;03/08/2022;TU147;active;DXB;DUBAI INTL;TUN;CARTHAGE;03/08/2022 08:45;08h;03/08/2022 11:55;10h;03/08/2022 09:00;03/08/2022 11:51;03/08/2022 09:00;;15.0;0.0;TU;TUNISIA;UNITED ARAB EMIRATES
03_08_2022_11_00;03/08/2022;03/08/2022;TU750;scheduled;TUN;CARTHAGE;LYS;SAINT EXUPERY;03/08/2022 12:00;11h;03/08/2022 14:50;13h;;;;;0.0;0.0;TU;FRANCE;TUNISIA
03_08_2022_11_15;03/08/2022;03/08/2022;TU374;scheduled;TUN;CARTHAGE;ALG;HOUARI BOUMEDIENE;03/08/2022 12:15;11h;03/08/2022 13:35;12h;;;;;0.0;0.0;TU;ALGERIA;TUNISIA
03_08_2022_11_15;03/08/2022;03/08/2022;TU514;scheduled;TUN;CARTHAGE;BCN;BARCELONA;03/08/2022 12:15;11h;03/08/2022 15:00;14h;;;;;0.0;0.0;TU;SPAIN;TUNISIA
03_08_2022_11_50;03/08/2022;03/08/2022;TU282;scheduled;TUN;CARTHAGE;TLS;BLAGNAC;03/08/2022 12:50;11h;03/08/2022 15:45;14h;;;;;0.0;0.0;TU;FRANCE;TUNISIA
03_08_2022_12_40;03/08/2022;03/08/2022;TU542;scheduled;TUN;CARTHAGE;MUC;FRANZ JOSEF STRAUSS;03/08/2022 13:40;12h;03/08/2022 16:50;15h;;;;;0.0;0.0;TU;GERMANY;TUNISIA
03_08_2022_12_45;03/08/2022;03/08/2022;TU152;scheduled;TUN;CARTHAGE;AMM;QUEEN ALIA INTL;03/08/2022 13:45;12h;03/08/2022 19:30;18h;;;;;0.0;0.0;TU;JORDAN;TUNISIA
03_08_2022_12_45;03/08/2022;03/08/2022;TU902;scheduled;TUN;CARTHAGE;MRS;PROVENCE;03/08/2022 13:45;12h;03/08/2022 16:20;15h;;;;;0.0;0.0;TU;FRANCE;TUNISIA
03_08_2022_12_55;03/08/2022;03/08/2022;TU148;scheduled;TUN;CARTHAGE;DXB;DUBAI INTL;03/08/2022 13:55;12h;03/08/2022 22:40;21h;;03/08/2022 22:46;;;6.0;6.0;TU;UNITED ARAB EMIRATES;TUNISIA
03_08_2022_14_05;03/08/2022;03/08/2022;TU606;scheduled;TUN;CARTHAGE;MAD;BARAJAS;03/08/2022 15:05;14h;03/08/2022 18:20;17h;;;;;0.0;0.0;TU;SPAIN;TUNISIA
03_08_2022_14_10;03/08/2022;03/08/2022;TU526;scheduled;TUN;CARTHAGE;DUS;DUSSELDORF;03/08/2022 15:10;14h;03/08/2022 18:55;17h;;;;;0.0;0.0;TU;GERMANY;TUNISIA
03_08_2022_14_35;03/08/2022;03/08/2022;TU722;scheduled;TUN;CARTHAGE;ORY;ORLY;03/08/2022 15:35;14h;03/08/2022 19:00;18h;;;;;0.0;0.0;TU;FRANCE;TUNISIA
03_08_2022_21_30;03/08/2022;04/08/2022;TU705;scheduled;TUN;CARTHAGE;CMN;MOHAMMED V INTL;03/08/2022 22:30;21h;04/08/2022 01:10;00h;;;;;0.0;0.0;TU;MOROCCO;TUNISIA
04_08_2022_05_00;04/08/2022;04/08/2022;TU716;scheduled;TUN;CARTHAGE;ORY;ORLY;04/08/2022 06:00;05h;04/08/2022 09:20;08h;;;;;0.0;0.0;TU;FRANCE;TUNISIA
04_08_2022_05_50;04/08/2022;04/08/2022;TU930;scheduled;TUN;CARTHAGE;MRS;PROVENCE;04/08/2022 06:50;05h;04/08/2022 09:25;08h;;;;;0.0;0.0;TU;FRANCE;TUNISIA
04_08_2022_06_00;04/08/2022;04/08/2022;TU750;scheduled;TUN;CARTHAGE;LYS;SAINT EXUPERY;04/08/2022 07:00;06h;04/08/2022 09:50;08h;;;;;0.0;0.0;TU;FRANCE;TUNISIA
04_08_2022_06_00;04/08/2022;04/08/2022;TU996;scheduled;TUN;CARTHAGE;NCE;COTE DAZUR;04/08/2022 07:00;06h;04/08/2022 09:30;08h;;;;;0.0;0.0;TU;FRANCE;TUNISIA
04_08_2022_06_10;04/08/2022;04/08/2022;TU214;scheduled;TUN;CARTHAGE;IST;ATATURK;04/08/2022 07:10;06h;04/08/2022 11:40;10h;;;;;0.0;0.0;TU;TURKEY;TUNISIA
04_08_2022_06_25;04/08/2022;04/08/2022;TU417;scheduled;TUN;CARTHAGE;BEN;BENINA;04/08/2022 07:25;06h;04/08/2022 10:10;09h;;;;;0.0;0.0;TU;LIBYA;TUNISIA
04_08_2022_06_45;04/08/2022;04/08/2022;TU718;scheduled;TUN;CARTHAGE;ORY;ORLY;04/08/2022 07:45;06h;04/08/2022 11:10;10h;;;;;0.0;0.0;TU;FRANCE;TUNISIA
04_08_2022_06_50;04/08/2022;04/08/2022;TU788;scheduled;TUN;CARTHAGE;BRU;BRUSSELS NATL;04/08/2022 07:50;06h;04/08/2022 11:25;10h;;;;;0.0;0.0;TU;BELGIUM;TUNISIA
04_08_2022_07_00;04/08/2022;04/08/2022;TU362;scheduled;TUN;CARTHAGE;BLQ;BOLOGNA;04/08/2022 08:00;07h;04/08/2022 10:35;09h;;;;;0.0;0.0;TU;ITALY;TUNISIA
04_08_2022_07_00;04/08/2022;04/08/2022;TU756;scheduled;TUN;CARTHAGE;MXP;MALPENSA;04/08/2022 08:00;07h;04/08/2022 10:45;09h;;;;;0.0;0.0;TU;ITALY;TUNISIA
04_08_2022_07_15;04/08/2022;04/08/2022;TU711;scheduled;TUN;CARTHAGE;CMN;MOHAMMED V INTL;04/08/2022 08:15;07h;04/08/2022 10:55;09h;;;;;0.0;0.0;TU;MOROCCO;TUNISIA
03_08_2022_09_35;03/08/2022;03/08/2022;TU404;landed;MJI;MITIGA AIRPORT;TUN;CARTHAGE;03/08/2022 10:35;09h;03/08/2022 10:50;09h;;;;;0.0;0.0;TU;TUNISIA;LIBYA
03_08_2022_09_20;03/08/2022;03/08/2022;TU997;landed;NCE;COTE DAZUR;TUN;CARTHAGE;03/08/2022 10:20;10h;03/08/2022 10:55;09h;03/08/2022 11:15;;;;55.0;55.0;TU;TUNISIA;FRANCE
03_08_2022_09_25;03/08/2022;03/08/2022;TU931;landed;MRS;PROVENCE;TUN;CARTHAGE;03/08/2022 10:25;09h;03/08/2022 11:00;10h;;;;;0.0;0.0;TU;TUNISIA;FRANCE
03_08_2022_09_20;03/08/2022;03/08/2022;TU717;active;ORY;ORLY;TUN;CARTHAGE;03/08/2022 10:20;09h;03/08/2022 11:45;10h;03/08/2022 10:55;;;;35.0;35.0;TU;TUNISIA;FRANCE
03_08_2022_10_45;03/08/2022;03/08/2022;TU473;scheduled;VCE;VENEZIA TESSERA;TUN;CARTHAGE;03/08/2022 11:45;10h;03/08/2022 12:25;11h;03/08/2022 11:53;;;;8.0;8.0;TU;TUNISIA;ITALY
03_08_2022_09_45;03/08/2022;03/08/2022;TU151;active;AMM;QUEEN ALIA INTL;TUN;CARTHAGE;03/08/2022 10:45;09h;03/08/2022 12:35;11h;03/08/2022 10:44;;03/08/2022 10:44;;0.0;0.0;TU;TUNISIA;JORDAN
03_08_2022_10_45;03/08/2022;03/08/2022;TU757;scheduled;MXP;MALPENSA;TUN;CARTHAGE;03/08/2022 11:45;10h;03/08/2022 12:35;11h;;;;;0.0;0.0;TU;TUNISIA;ITALY
03_08_2022_11_30;03/08/2022;03/08/2022;TU745;scheduled;FRA;FRANKFURT MAIN;TUN;CARTHAGE;03/08/2022 12:30;11h;03/08/2022 13:50;12h;;;;;0.0;0.0;TU;TUNISIA;GERMANY
03_08_2022_11_25;03/08/2022;03/08/2022;TU789;scheduled;BRU;BRUSSELS NATL;TUN;CARTHAGE;03/08/2022 12:25;11h;03/08/2022 14:00;13h;;;;;0.0;0.0;TU;TUNISIA;BELGIUM
03_08_2022_11_40;03/08/2022;03/08/2022;TU719;scheduled;ORY;ORLY;TUN;CARTHAGE;03/08/2022 12:40;11h;03/08/2022 14:05;13h;;;;;0.0;0.0;TU;TUNISIA;FRANCE
03_08_2022_13_35;03/08/2022;03/08/2022;TU375;scheduled;ALG;HOUARI BOUMEDIENE;TUN;CARTHAGE;03/08/2022 14:35;13h;03/08/2022 15:45;14h;;;;;0.0;0.0;TU;TUNISIA;ALGERIA
03_08_2022_15_00;03/08/2022;03/08/2022;TU515;scheduled;BCN;BARCELONA;TUN;CARTHAGE;03/08/2022 16:00;15h;03/08/2022 16:35;15h;;;;;0.0;0.0;TU;TUNISIA;SPAIN
03_08_2022_14_50;03/08/2022;03/08/2022;TU751;scheduled;LYS;SAINT EXUPERY;TUN;CARTHAGE;03/08/2022 15:50;14h;03/08/2022 16:45;15h;;;;;0.0;0.0;TU;TUNISIA;FRANCE
03_08_2022_15_45;03/08/2022;03/08/2022;TU283;scheduled;TLS;BLAGNAC;TUN;CARTHAGE;03/08/2022 16:45;15h;03/08/2022 17:35;16h;;;;;0.0;0.0;TU;TUNISIA;FRANCE
03_08_2022_22_25;03/08/2022;03/08/2022;TU999;scheduled;NCE;COTE DAZUR;TUN;CARTHAGE;03/08/2022 23:25;22h;04/08/2022 00:00;23h;;;;;0.0;0.0;TU;TUNISIA;FRANCE
03_08_2022_22_45;03/08/2022;03/08/2022;TU217;scheduled;IST;ATATURK;TUN;CARTHAGE;03/08/2022 23:45;22h;04/08/2022 00:40;23h;;;;;0.0;0.0;TU;TUNISIA;TURKEY
04_08_2022_01_00;04/08/2022;04/08/2022;TU706;scheduled;CMN;MOHAMMED V INTL;TUN;CARTHAGE;04/08/2022 02:00;01h;04/08/2022 04:25;03h;;;;;0.0;0.0;TU;TUNISIA;MOROCCO
03_08_2022_14_30;03/08/2022;04/08/2022;TU203;scheduled;YUL;PIERRE ELLIOTT TRUDEAU INTL;TUN;CARTHAGE;03/08/2022 15:30;14h;04/08/2022 04:45;03h;;;;;0.0;0.0;TU;TUNISIA;CANADA
03_08_2022_15_40;03/08/2022;03/08/2022;TU700;scheduled;TUN;CARTHAGE;GVA;GENEVE COINTRIN;03/08/2022 16:40;15h;03/08/2022 19:35;18h;;;;;0.0;0.0;TU;SWITZERLAND;TUNISIA
03_08_2022_16_20;03/08/2022;03/08/2022;TU903;scheduled;MRS;PROVENCE;TUN;CARTHAGE;03/08/2022 17:20;16h;03/08/2022 17:55;16h;;;;;0.0;0.0;TU;TUNISIA;FRANCE
03_08_2022_16_55;03/08/2022;03/08/2022;TU543;scheduled;MUC;FRANZ JOSEF STRAUSS;TUN;CARTHAGE;03/08/2022 17:55;16h;03/08/2022 19:00;18h;;;;;0.0;0.0;TU;TUNISIA;GERMANY
03_08_2022_16_55;03/08/2022;03/08/2022;TU216;scheduled;TUN;CARTHAGE;IST;ATATURK;03/08/2022 17:55;16h;03/08/2022 22:35;21h;;;;;0.0;0.0;TU;TURKEY;TUNISIA
03_08_2022_18_25;03/08/2022;03/08/2022;TU607;scheduled;MAD;BARAJAS;TUN;CARTHAGE;03/08/2022 19:25;18h;03/08/2022 20:40;19h;;;;;0.0;0.0;TU;TUNISIA;SPAIN
03_08_2022_18_55;03/08/2022;03/08/2022;TU527;scheduled;DUS;DUSSELDORF;TUN;CARTHAGE;03/08/2022 19:55;18h;03/08/2022 21:30;20h;;;;;0.0;0.0;TU;TUNISIA;GERMANY
03_08_2022_18_55;03/08/2022;03/08/2022;TU998;scheduled;TUN;CARTHAGE;NCE;COTE DAZUR;03/08/2022 19:55;18h;03/08/2022 22:25;21h;;;;;0.0;0.0;TU;FRANCE;TUNISIA
03_08_2022_19_35;03/08/2022;03/08/2022;TU701;scheduled;GVA;GENEVE COINTRIN;TUN;CARTHAGE;03/08/2022 20:35;19h;03/08/2022 21:30;20h;;;;;0.0;0.0;TU;TUNISIA;SWITZERLAND
03_08_2022_19_30;03/08/2022;03/08/2022;TU723;scheduled;ORY;ORLY;TUN;CARTHAGE;03/08/2022 20:30;19h;03/08/2022 21:55;20h;;;;;0.0;0.0;TU;TUNISIA;FRANCE
28_12_2022_23_45;28/12/2022;29/12/2022;TU217;landed;IST;ATATURK;TUN;CARTHAGE;28/12/2022 23:45;23h;29/12/2022 00:40;00h;28/12/2022 23:39;29/12/2022 00:28;28/12/2022 23:39;;0.0;0.0;TU;TUNISIA;TURKEY
28_12_2022_18_25;29/12/2022;29/12/2022;TU607;landed;MAD;BARAJAS;TUN;CARTHAGE;28/12/2022 18:25;00h;28/12/2022 20:40;02h;28/12/2022 21:00;29/12/2022 02:13;29/12/2022 00:25;29/12/2022 02:13;360.0;333.0;TU;TUNISIA;SPAIN
29_12_2022_02_35;29/12/2022;29/12/2022;TU706;active;CMN;MOHAMMED V INTL;TUN;CARTHAGE;29/12/2022 02:35;02h;29/12/2022 05:00;05h;;;;;0.0;0.0;TU;TUNISIA;MOROCCO
29_12_2022_02_10;29/12/2022;29/12/2022;TU714;active;JED;KING ABDULAZIZ INTL;TUN;CARTHAGE;29/12/2022 02:10;03h;29/12/2022 05:05;05h;29/12/2022 03:00;;29/12/2022 03:00;;50.0;0.0;TU;TUNISIA;SAUDI ARABIA
28_12_2022_15_15;28/12/2022;29/12/2022;TU203;active;YUL;PIERRE ELLIOTT TRUDEAU INTL;TUN;CARTHAGE;28/12/2022 15:15;16h;29/12/2022 05:30;06h;28/12/2022 16:00;29/12/2022 06:33;28/12/2022 16:00;;45.0;63.0;TU;TUNISIA;CANADA
29_12_2022_09_25;29/12/2022;29/12/2022;TU931;scheduled;MRS;PROVENCE;TUN;CARTHAGE;29/12/2022 09:25;09h;29/12/2022 11:00;11h;;;;;0.0;0.0;TU;TUNISIA;FRANCE
29_12_2022_09_30;29/12/2022;29/12/2022;TU997;scheduled;NCE;COTE DAZUR;TUN;CARTHAGE;29/12/2022 09:30;09h;29/12/2022 11:05;11h;;;;;0.0;0.0;TU;TUNISIA;FRANCE
29_12_2022_10_00;29/12/2022;29/12/2022;TU701;scheduled;GVA;GENEVE COINTRIN;TUN;CARTHAGE;29/12/2022 10:00;10h;29/12/2022 11:55;11h;;;;;0.0;0.0;TU;TUNISIA;SWITZERLAND
29_12_2022_10_45;29/12/2022;29/12/2022;TU473;scheduled;VCE;VENEZIA TESSERA;TUN;CARTHAGE;29/12/2022 10:45;10h;29/12/2022 12:25;12h;;;;;0.0;0.0;TU;TUNISIA;ITALY
29_12_2022_08_40;29/12/2022;29/12/2022;TU147;scheduled;DXB;DUBAI INTL;TUN;CARTHAGE;29/12/2022 08:40;08h;29/12/2022 12:35;12h;;;;;0.0;0.0;TU;TUNISIA;UNITED ARAB EMIRATES
29_12_2022_06_50;29/12/2022;29/12/2022;TU930;scheduled;TUN;CARTHAGE;MRS;PROVENCE;29/12/2022 06:50;06h;29/12/2022 08:25;08h;;;;;0.0;0.0;TU;FRANCE;TUNISIA
29_12_2022_07_00;29/12/2022;29/12/2022;TU996;scheduled;TUN;CARTHAGE;NCE;COTE DAZUR;29/12/2022 07:00;07h;29/12/2022 08:30;08h;;;;;0.0;0.0;TU;FRANCE;TUNISIA
29_12_2022_07_05;29/12/2022;29/12/2022;TU700;scheduled;TUN;CARTHAGE;GVA;GENEVE COINTRIN;29/12/2022 07:05;07h;29/12/2022 09:00;09h;;;;;0.0;0.0;TU;SWITZERLAND;TUNISIA
29_12_2022_07_50;29/12/2022;29/12/2022;TU788;scheduled;TUN;CARTHAGE;BRU;BRUSSELS NATL;29/12/2022 07:50;07h;29/12/2022 10:25;10h;;;;;0.0;0.0;TU;BELGIUM;TUNISIA
29_12_2022_08_00;29/12/2022;29/12/2022;TU718;scheduled;TUN;CARTHAGE;ORY;ORLY;29/12/2022 08:00;08h;29/12/2022 10:30;10h;;;;;0.0;0.0;TU;FRANCE;TUNISIA
29_12_2022_08_00;29/12/2022;29/12/2022;TU756;scheduled;TUN;CARTHAGE;MXP;MALPENSA;29/12/2022 08:00;08h;29/12/2022 09:45;09h;;;;;0.0;0.0;TU;ITALY;TUNISIA
29_12_2022_08_05;29/12/2022;29/12/2022;TU792;scheduled;TUN;CARTHAGE;LGW;GATWICK;29/12/2022 08:05;08h;29/12/2022 09:50;09h;;;;;0.0;0.0;TU;UNITED KINGDOM;TUNISIA
29_12_2022_08_10;29/12/2022;29/12/2022;TU472;scheduled;TUN;CARTHAGE;VCE;VENEZIA TESSERA;29/12/2022 08:10;08h;29/12/2022 09:55;09h;;;;;0.0;0.0;TU;ITALY;TUNISIA
29_12_2022_08_15;29/12/2022;29/12/2022;TU711;scheduled;TUN;CARTHAGE;CMN;MOHAMMED V INTL;29/12/2022 08:15;08h;29/12/2022 11:00;11h;;;;;0.0;0.0;TU;MOROCCO;TUNISIA
29_12_2022_12_00;29/12/2022;29/12/2022;TU417;cancelled;TUN;CARTHAGE;BEN;BENINA;29/12/2022 12:00;12h;29/12/2022 14:45;14h;;;;;0.0;0.0;TU;LIBYA;TUNISIA
29_12_2022_12_15;29/12/2022;29/12/2022;TU374;scheduled;TUN;CARTHAGE;ALG;HOUARI BOUMEDIENE;29/12/2022 12:15;12h;29/12/2022 13:35;13h;;;;;0.0;0.0;TU;ALGERIA;TUNISIA
29_12_2022_06_45;29/12/2022;29/12/2022;TU214;scheduled;TUN;CARTHAGE;IST;ATATURK;29/12/2022 06:45;16h;29/12/2022 11:20;21h;29/12/2022 16:30;29/12/2022 21:05;;;585.0;585.0;TU;TURKEY;TUNISIA
