ID_FLIGHT,DEPARTURE_DATE,ARRIVAL_DATE,FLIGHT_NUMBER,FLIGHT_STATUS,DEPARTURE_IATA,DEPARTURE_AIRPORT,ARRIVAL_IATA,ARRIVAL_AIRPORT,DEPARTURE_SCHEDULED,DEPARTURE_HOUR,ARRIVAL_SCHEDULED,ARRIVAL_HOUR,DEPARTURE_ESTIMATED,ARRIVAL_ESTIMATED,DEPARTURE_ACTUAL,ARRIVAL_ACTUAL,DEPARTURE_DELAY,ARRIVAL_DELAY,AIRLINE,ARRIVAL_COUNTRY,DEPARTURE_COUNTRY
TU722_30_07_2022_14_35,30/07/2022,30/07/2022,TU722,landed,TUN,CARTHAGE,ORY,ORLY,2022-07-30 15:35,14h,2022-07-30 19:00,18h,2022-07-30 15:51,2022-07-30 19:07,2022-07-30 15:51,2022-07-30 19:07,16,7,TU,FRANCE,TUNISIA
TU998_30_07_2022_16_30,30/07/2022,30/07/2022,TU998,landed,TUN,CARTHAGE,NCE,COTE DAZUR,2022-07-30 17:30,16h,2022-07-30 20:00,21h,,2022-07-30 22:00,,2022-07-30 22:00,120,120,TU,FRANCE,TUNISIA
TU851_30_07_2022_16_30,30/07/2022,30/07/2022,TU851,landed,LYS,SAINT EXUPERY,TUN,CARTHAGE,2022-07-30 17:30,16h,2022-07-30 18:20,17h,2022-07-30 17:35,2022-07-30 18:25,2022-07-30 17:35,2022-07-30 18:25,5,5,TU,TUNISIA,FRANCE
TU701_30_07_2022_17_00,30/07/2022,30/07/2022,TU701,landed,GVA,GENEVE COINTRIN,TUN,CARTHAGE,2022-07-30 18:00,18h,2022-07-30 18:55,19h,2022-07-30 19:30,2022-07-30 20:15,2022-07-30 19:30,2022-07-30 20:15,90,80,TU,TUNISIA,SWITZERLAND
TU793_30_07_2022_16_50,30/07/2022,30/07/2022,TU793,landed,STN,STANSTED,TUN,CARTHAGE,2022-07-30 17:50,17h,2022-07-30 20:55,20h,2022-07-30 18:20,2022-07-30 21:16,2022-07-30 18:20,2022-07-30 21:16,30,21,TU,TUNISIA,UNITED KINGDOM
TU527_30_07_2022_18_55,30/07/2022,30/07/2022,TU527,landed,DUS,DUSSELDORF,TUN,CARTHAGE,2022-07-30 19:55,18h,2022-07-30 21:30,20h,,,,,,,TU,TUNISIA,GERMANY
TU999_30_07_2022_20_00,30/07/2022,30/07/2022,TU999,landed,NCE,COTE DAZUR,TUN,CARTHAGE,2022-07-30 21:00,20h,2022-07-30 21:35,20h,,,,,,,TU,TUNISIA,FRANCE
TU723_30_07_2022_19_30,30/07/2022,30/07/2022,TU723,landed,ORY,ORLY,TUN,CARTHAGE,2022-07-30 20:30,19h,2022-07-30 21:55,20h,2022-07-30 20:29,2022-07-30 21:45,2022-07-30 20:29,2022-07-30 21:45,,10,TU,TUNISIA,FRANCE
TU203_30_07_2022_14_30,30/07/2022,30/07/2022,TU203,active,YUL,PIERRE ELLIOTT TRUDEAU INTL,TUN,CARTHAGE,2022-07-30 15:30,14h,2022-07-31 04:45,03h,2022-07-30 15:43,,2022-07-30 15:43,,13,,TU,TUNISIA,CANADA
TU147_31_07_2022_07_45,31/07/2022,31/07/2022,TU147,landed,DXB,DUBAI INTL,TUN,CARTHAGE,2022-07-31 08:45,07h,2022-07-31 11:55,10h,,2022-07-31 11:24,,2022-07-31 11:24,0,31,TU,TUNISIA,UNITED ARAB EMIRATES
TU563_31_07_2022_17_55,31/07/2022,31/07/2022,TU563,landed,TUN,CARTHAGE,NKC,NOUAKCHOTT,2022-07-31 18:55,17h,2022-07-31 22:50,21h,,,,,0,0,TU,MAURITANIA,TUNISIA
TU705_31_07_2022_21_30,31/07/2022,01/08/2022,TU705,landed,TUN,CARTHAGE,CMN,MOHAMMED V INTL,2022-07-31 22:30,21h,2022-08-01 01:10,00h,,,,,0,0,TU,MOROCCO,TUNISIA
TU716_01_08_2022_05_00,01/08/2022,01/08/2022,TU716,landed,TUN,CARTHAGE,ORY,ORLY,2022-08-01 06:00,05h,2022-08-01 09:20,08h,,,,,0,0,TU,FRANCE,TUNISIA
TU930_01_08_2022_05_50,01/08/2022,01/08/2022,TU930,landed,TUN,CARTHAGE,MRS,PROVENCE,2022-08-01 06:50,05h,2022-08-01 09:25,08h,,,,,0,0,TU,FRANCE,TUNISIA
TU996_01_08_2022_06_00,01/08/2022,01/08/2022,TU996,landed,TUN,CARTHAGE,NCE,COTE DAZUR,2022-08-01 07:00,06h,2022-08-01 09:30,08h,,,,,0,0,TU,FRANCE,TUNISIA
TU403_01_08_2022_06_20,01/08/2022,01/08/2022,TU403,landed,TUN,CARTHAGE,MJI,MITIGA AIRPORT,2022-08-01 07:20,06h,2022-08-01 09:30,08h,,,,,0,0,TU,LIBYA,TUNISIA
TU718_01_08_2022_06_40,01/08/2022,01/08/2022,TU718,landed,TUN,CARTHAGE,ORY,ORLY,2022-08-01 07:40,06h,2022-08-01 11:05,10h,,,,,0,0,TU,FRANCE,TUNISIA
TU750_01_08_2022_06_40,01/08/2022,01/08/2022,TU750,landed,TUN,CARTHAGE,LYS,SAINT EXUPERY,2022-08-01 07:40,06h,2022-08-01 10:30,09h,,,,,0,0,TU,FRANCE,TUNISIA
TU744_01_08_2022_06_55,01/08/2022,01/08/2022,TU744,landed,TUN,CARTHAGE,FRA,FRANKFURT MAIN,2022-08-01 07:55,06h,2022-08-01 11:30,10h,,,,,0,0,TU,GERMANY,TUNISIA
TU756_01_08_2022_07_00,01/08/2022,01/08/2022,TU756,landed,TUN,CARTHAGE,MXP,MALPENSA,2022-08-01 08:00,07h,2022-08-01 10:45,09h,,,,,0,0,TU,ITALY,TUNISIA
TU752_01_08_2022_07_05,01/08/2022,01/08/2022,TU752,landed,TUN,CARTHAGE,FCO,FIUMICINO,2022-08-01 08:05,07h,2022-08-01 10:25,09h,,,,,0,0,TU,ITALY,TUNISIA
TU711_01_08_2022_07_15,01/08/2022,01/08/2022,TU711,landed,TUN,CARTHAGE,CMN,MOHAMMED V INTL,2022-08-01 08:15,07h,2022-08-01 10:55,09h,,,,,0,0,TU,MOROCCO,TUNISIA
TU202_01_08_2022_08_35,01/08/2022,01/08/2022,TU202,landed,TUN,CARTHAGE,YUL,PIERRE ELLIOTT TRUDEAU INTL,2022-08-01 09:35,08h,2022-08-01 13:30,12h,,,,,0,0,TU,CANADA,TUNISIA
TU151_31_07_2022_09_45,31/07/2022,31/07/2022,TU151,landed,AMM,QUEEN ALIA INTL,TUN,CARTHAGE,2022-07-31 10:45,10h,2022-07-31 12:35,12h,2022-07-31 11:17,2022-07-31 13:00,2022-07-31 11:17,2022-07-31 13:00,32,25,TU,TUNISIA,JORDAN
TU721_31_07_2022_20_40,31/07/2022,31/07/2022,TU721,landed,ORY,ORLY,TUN,CARTHAGE,2022-07-31 21:40,20h,2022-07-31 23:05,22h,,,,,0,0,TU,TUNISIA,FRANCE
TU855_31_07_2022_22_20,31/07/2022,31/07/2022,TU855,landed,LYS,SAINT EXUPERY,TUN,CARTHAGE,2022-07-31 23:20,23h,2022-08-01 00:15,23h,2022-08-01 00:10,2022-08-01 00:55,2022-08-01 00:10,,50,40,TU,TUNISIA,FRANCE
TU515_31_07_2022_22_45,31/07/2022,31/07/2022,TU515,landed,BCN,BARCELONA,TUN,CARTHAGE,2022-07-31 23:45,22h,2022-08-01 00:20,23h,,,,,0,0,TU,TUNISIA,SPAIN
TU217_31_07_2022_22_45,31/07/2022,31/07/2022,TU217,landed,IST,ATATURK,TUN,CARTHAGE,2022-07-31 23:45,22h,2022-08-01 00:40,23h,,,,,0,0,TU,TUNISIA,TURKEY
TU607_01_08_2022_00_20,01/08/2022,01/08/2022,TU607,landed,MAD,BARAJAS,TUN,CARTHAGE,2022-08-01 01:20,00h,2022-08-01 02:35,01h,,,,,0,0,TU,TUNISIA,SPAIN
TU706_01_08_2022_01_00,01/08/2022,01/08/2022,TU706,landed,CMN,MOHAMMED V INTL,TUN,CARTHAGE,2022-08-01 02:00,01h,2022-08-01 04:25,03h,,,,,0,0,TU,TUNISIA,MOROCCO
TU397_31_07_2022_21_30,31/07/2022,01/08/2022,TU397,landed,ABJ,ABIDJAN FELIX HOUPHOUET BOIGNY INTL,TUN,CARTHAGE,2022-07-31 22:30,21h,2022-08-01 04:45,03h,,,,,0,0,TU,TUNISIA,COTE D'IVOIRE
TU564_31_07_2022_22_50,31/07/2022,01/08/2022,TU564,landed,NKC,NOUAKCHOTT,TUN,CARTHAGE,2022-07-31 23:50,22h,2022-08-01 05:05,04h,,,,,0,0,TU,TUNISIA,MAURITANIA
TU374_31_07_2022_11_15,31/07/2022,31/07/2022,TU374,landed,TUN,CARTHAGE,ALG,HOUARI BOUMEDIENE,2022-07-31 12:15,11h,2022-07-31 13:35,13h,,2022-07-31 14:15,,2022-07-31 14:15,40,40,TU,ALGERIA,TUNISIA
TU282_31_07_2022_11_50,31/07/2022,31/07/2022,TU282,landed,TUN,CARTHAGE,TLS,BLAGNAC,2022-07-31 12:50,13h,2022-07-31 15:45,14h,2022-07-31 14:44,,2022-07-31 14:44,,114,0,TU,FRANCE,TUNISIA
TU998_31_07_2022_11_55,31/07/2022,31/07/2022,TU998,landed,TUN,CARTHAGE,NCE,COTE DAZUR,2022-07-31 12:55,11h,2022-07-31 15:25,15h,,2022-07-31 16:22,,2022-07-31 16:22,57,57,TU,FRANCE,TUNISIA
TU856_31_07_2022_12_30,31/07/2022,31/07/2022,TU856,landed,TUN,CARTHAGE,MXP,MALPENSA,2022-07-31 13:30,13h,2022-07-31 16:15,16h,2022-07-31 14:45,2022-07-31 17:25,2022-07-31 14:45,2022-07-31 17:25,75,70,TU,ITALY,TUNISIA
TU152_31_07_2022_12_45,31/07/2022,31/07/2022,TU152,landed,TUN,CARTHAGE,AMM,QUEEN ALIA INTL,2022-07-31 13:45,13h,2022-07-31 19:30,18h,2022-07-31 14:24,2022-07-31 19:50,2022-07-31 14:24,2022-07-31 19:50,39,20,TU,JORDAN,TUNISIA
TU902_31_07_2022_12_45,31/07/2022,31/07/2022,TU902,landed,TUN,CARTHAGE,MRS,PROVENCE,2022-07-31 13:45,15h,2022-07-31 16:20,18h,2022-07-31 16:05,2022-07-31 19:23,,2022-07-31 19:23,140,183,TU,FRANCE,TUNISIA
TU148_31_07_2022_12_55,31/07/2022,31/07/2022,TU148,landed,TUN,CARTHAGE,DXB,DUBAI INTL,2022-07-31 13:55,13h,2022-07-31 22:40,21h,2022-07-31 14:04,2022-07-31 22:57,2022-07-31 14:04,,9,17,TU,UNITED ARAB EMIRATES,TUNISIA
TU700_31_07_2022_13_05,31/07/2022,31/07/2022,TU700,landed,TUN,CARTHAGE,GVA,GENEVE COINTRIN,2022-07-31 14:05,13h,2022-07-31 17:00,16h,2022-07-31 14:49,2022-07-31 17:42,2022-07-31 14:49,2022-07-31 17:42,44,42,TU,SWITZERLAND,TUNISIA
TU850_31_07_2022_14_10,31/07/2022,31/07/2022,TU850,landed,TUN,CARTHAGE,LYS,SAINT EXUPERY,2022-07-31 15:10,14h,2022-07-31 18:00,17h,,,,,0,0,TU,FRANCE,TUNISIA
TU722_31_07_2022_14_35,31/07/2022,31/07/2022,TU722,landed,TUN,CARTHAGE,ORY,ORLY,2022-07-31 15:35,15h,2022-07-31 19:00,18h,2022-07-31 16:27,2022-07-31 19:42,2022-07-31 16:27,2022-07-31 19:42,52,42,TU,FRANCE,TUNISIA
TU397_31_07_2022_14_55,31/07/2022,31/07/2022,TU397,landed,TUN,CARTHAGE,OUA,OUAGADOUGOU,2022-07-31 15:55,15h,2022-07-31 19:15,18h,2022-07-31 16:32,2022-07-31 19:52,2022-07-31 16:32,,37,37,TU,BURKINA FASO,TUNISIA
TU720_31_07_2022_15_55,31/07/2022,31/07/2022,TU720,landed,TUN,CARTHAGE,ORY,ORLY,2022-07-31 16:55,16h,2022-07-31 20:20,19h,2022-07-31 17:27,2022-07-31 20:39,2022-07-31 17:27,2022-07-31 20:39,32,19,TU,FRANCE,TUNISIA
TU216_31_07_2022_16_55,31/07/2022,31/07/2022,TU216,landed,TUN,CARTHAGE,IST,ATATURK,2022-07-31 17:55,17h,2022-07-31 22:35,21h,2022-07-31 18:20,2022-07-31 22:48,2022-07-31 18:20,2022-07-31 22:48,25,13,TU,TURKEY,TUNISIA
TU854_31_07_2022_18_30,31/07/2022,31/07/2022,TU854,landed,TUN,CARTHAGE,LYS,SAINT EXUPERY,2022-07-31 19:30,19h,2022-07-31 22:20,22h,2022-07-31 20:30,2022-07-31 23:20,2022-07-31 20:30,,60,60,TU,FRANCE,TUNISIA
TU514_31_07_2022_19_05,31/07/2022,31/07/2022,TU514,landed,TUN,CARTHAGE,BCN,BARCELONA,2022-07-31 20:05,19h,2022-07-31 22:45,21h,,2022-07-31 22:34,,2022-07-31 22:34,0,11,TU,SPAIN,TUNISIA
TU606_31_07_2022_20_05,31/07/2022,01/08/2022,TU606,landed,TUN,CARTHAGE,MAD,BARAJAS,2022-07-31 21:05,23h,2022-08-01 00:20,02h,2022-08-01 00:40,2022-08-01 03:45,2022-08-01 00:40,2022-08-01 03:45,215,205,TU,SPAIN,TUNISIA
TU753_31_07_2022_09_35,31/07/2022,31/07/2022,TU753,landed,FCO,FIUMICINO,TUN,CARTHAGE,2022-07-31 10:35,10h,2022-07-31 10:50,10h,2022-07-31 11:03,2022-07-31 11:20,2022-07-31 11:03,2022-07-31 11:20,28,30,TU,TUNISIA,ITALY
TU931_31_07_2022_09_25,31/07/2022,31/07/2022,TU931,landed,MRS,PROVENCE,TUN,CARTHAGE,2022-07-31 10:25,09h,2022-07-31 11:00,10h,2022-07-31 10:32,,2022-07-31 10:32,,7,0,TU,TUNISIA,FRANCE
TU997_31_07_2022_09_30,31/07/2022,31/07/2022,TU997,landed,NCE,COTE DAZUR,TUN,CARTHAGE,2022-07-31 10:30,11h,2022-07-31 11:05,11h,2022-07-31 12:02,2022-07-31 12:30,2022-07-31 12:02,2022-07-31 12:30,92,85,TU,TUNISIA,FRANCE
TU717_31_07_2022_09_20,31/07/2022,31/07/2022,TU717,landed,ORY,ORLY,TUN,CARTHAGE,2022-07-31 10:20,10h,2022-07-31 11:45,11h,2022-07-31 11:19,2022-07-31 12:40,2022-07-31 11:19,2022-07-31 12:40,59,55,TU,TUNISIA,FRANCE
TU363_31_07_2022_10_35,31/07/2022,31/07/2022,TU363,landed,BLQ,BOLOGNA,TUN,CARTHAGE,2022-07-31 11:35,14h,2022-07-31 12:05,11h,2022-07-31 15:10,,,,215,215,TU,TUNISIA,ITALY
TU757_31_07_2022_10_45,31/07/2022,31/07/2022,TU757,landed,MXP,MALPENSA,TUN,CARTHAGE,2022-07-31 11:45,11h,2022-07-31 12:35,12h,2022-07-31 12:45,2022-07-31 13:20,2022-07-31 12:45,2022-07-31 13:20,60,45,TU,TUNISIA,ITALY
TU703_31_07_2022_11_00,31/07/2022,31/07/2022,TU703,landed,GVA,GENEVE COINTRIN,TUN,CARTHAGE,2022-07-31 12:00,11h,2022-07-31 12:55,12h,2022-07-31 12:51,2022-07-31 13:35,2022-07-31 12:51,2022-07-31 13:35,51,40,TU,TUNISIA,SWITZERLAND
TU745_31_07_2022_11_20,31/07/2022,31/07/2022,TU745,landed,FRA,FRANKFURT MAIN,TUN,CARTHAGE,2022-07-31 12:20,11h,2022-07-31 13:40,12h,,,,,0,0,TU,TUNISIA,GERMANY
TU215_31_07_2022_12_10,31/07/2022,31/07/2022,TU215,landed,IST,ATATURK,TUN,CARTHAGE,2022-07-31 13:10,12h,2022-07-31 13:55,13h,2022-07-31 13:05,2022-07-31 14:05,2022-07-31 13:05,2022-07-31 14:05,10,10,TU,TUNISIA,TURKEY
TU789_31_07_2022_11_25,31/07/2022,31/07/2022,TU789,landed,BRU,BRUSSELS NATL,TUN,CARTHAGE,2022-07-31 12:25,12h,2022-07-31 14:00,13h,2022-07-31 13:16,2022-07-31 14:35,2022-07-31 13:16,2022-07-31 14:35,51,35,TU,TUNISIA,BELGIUM
TU719_31_07_2022_11_40,31/07/2022,31/07/2022,TU719,landed,ORY,ORLY,TUN,CARTHAGE,2022-07-31 12:40,11h,2022-07-31 14:05,13h,2022-07-31 12:55,2022-07-31 14:15,2022-07-31 12:55,2022-07-31 14:15,15,10,TU,TUNISIA,FRANCE
TU375_31_07_2022_13_35,31/07/2022,31/07/2022,TU375,landed,ALG,HOUARI BOUMEDIENE,TUN,CARTHAGE,2022-07-31 14:35,14h,2022-07-31 15:45,15h,2022-07-31 15:15,2022-07-31 16:20,2022-07-31 15:15,2022-07-31 16:20,40,35,TU,TUNISIA,ALGERIA
TU999_31_07_2022_15_15,31/07/2022,31/07/2022,TU999,landed,NCE,COTE DAZUR,TUN,CARTHAGE,2022-07-31 16:15,16h,2022-07-31 16:50,15h,2022-07-31 17:45,,2022-07-31 17:45,,90,0,TU,TUNISIA,FRANCE
TU283_31_07_2022_15_45,31/07/2022,31/07/2022,TU283,landed,TLS,BLAGNAC,TUN,CARTHAGE,2022-07-31 16:45,17h,2022-07-31 17:35,18h,2022-07-31 18:05,2022-07-31 19:05,2022-07-31 18:05,2022-07-31 19:05,80,90,TU,TUNISIA,FRANCE
TU903_31_07_2022_16_20,31/07/2022,31/07/2022,TU903,landed,MRS,PROVENCE,TUN,CARTHAGE,2022-07-31 17:20,16h,2022-07-31 17:55,16h,,,,,0,0,TU,TUNISIA,FRANCE
TU857_31_07_2022_16_15,31/07/2022,31/07/2022,TU857,landed,MXP,MALPENSA,TUN,CARTHAGE,2022-07-31 17:15,17h,2022-07-31 18:05,18h,2022-07-31 18:30,2022-07-31 19:22,2022-07-31 18:30,2022-07-31 19:22,75,77,TU,TUNISIA,ITALY
TU701_31_07_2022_17_00,31/07/2022,31/07/2022,TU701,landed,GVA,GENEVE COINTRIN,TUN,CARTHAGE,2022-07-31 18:00,17h,2022-07-31 18:55,18h,2022-07-31 18:35,2022-07-31 19:25,2022-07-31 18:35,2022-07-31 19:25,35,30,TU,TUNISIA,SWITZERLAND
TU851_31_07_2022_18_00,31/07/2022,31/07/2022,TU851,landed,LYS,SAINT EXUPERY,TUN,CARTHAGE,2022-07-31 19:00,20h,2022-07-31 19:55,21h,2022-07-31 21:40,2022-07-31 22:25,2022-07-31 21:40,2022-07-31 22:25,160,150,TU,TUNISIA,FRANCE
TU723_31_07_2022_19_30,31/07/2022,31/07/2022,TU723,landed,ORY,ORLY,TUN,CARTHAGE,2022-07-31 20:30,19h,2022-07-31 21:55,21h,2022-07-31 20:45,2022-07-31 22:00,2022-07-31 20:45,2022-07-31 22:00,15,5,TU,TUNISIA,FRANCE
TU147_01_08_2022_07_45,01/08/2022,01/08/2022,TU147,landed,DXB,DUBAI INTL,TUN,CARTHAGE,2022-08-01 08:45,08h,2022-08-01 11:55,11h,2022-08-01 09:18,2022-08-01 12:04,2022-08-01 09:18,2022-08-01 12:04,33,9,TU,TUNISIA,UNITED ARAB EMIRATES
AF7359_31_07_2022_15_50,31/07/2022,31/07/2022,AF7359,landed,TUN,CARTHAGE,ORY,ORLY,2022-07-31 16:50,15h,2022-07-31 20:10,19h,2022-07-31 16:47,2022-07-31 20:11,2022-07-31 16:47,2022-07-31 20:11,1,1,AF,FRANCE,TUNISIA
BJ520_31_07_2022_17_25,31/07/2022,31/07/2022,BJ520,landed,TUN,CARTHAGE,CDG,CHARLES DE GAULLE,2022-07-31 18:25,17h,2022-07-31 21:55,20h,,,,,0,0,BJ,FRANCE,TUNISIA
AF1185_31_07_2022_17_45,31/07/2022,31/07/2022,AF1185,landed,TUN,CARTHAGE,CDG,CHARLES DE GAULLE,2022-07-31 18:45,17h,2022-07-31 22:20,21h,,2022-07-31 22:14,,2022-07-31 22:14,0,6,AF,FRANCE,TUNISIA
BJ516_31_07_2022_17_55,31/07/2022,31/07/2022,BJ516,landed,TUN,CARTHAGE,MRS,PROVENCE,2022-07-31 18:55,17h,2022-07-31 21:30,20h,,2022-07-31 21:38,,2022-07-31 21:38,8,8,BJ,FRANCE,TUNISIA
AF1785_01_08_2022_01_00,01/08/2022,01/08/2022,AF1785,landed,TUN,CARTHAGE,CDG,CHARLES DE GAULLE,2022-08-01 02:00,01h,2022-08-01 05:35,04h,2022-08-01 02:14,2022-08-01 05:39,2022-08-01 02:14,2022-08-01 05:39,14,4,AF,FRANCE,TUNISIA
BJ517_31_07_2022_21_20,31/07/2022,31/07/2022,BJ517,landed,MRS,PROVENCE,TUN,CARTHAGE,2022-07-31 22:20,21h,2022-07-31 23:00,22h,,,,,0,0,BJ,TUNISIA,FRANCE
AF1784_31_07_2022_22_20,31/07/2022,01/08/2022,AF1784,landed,CDG,CHARLES DE GAULLE,TUN,CARTHAGE,2022-07-31 23:20,22h,2022-08-01 00:45,00h,2022-07-31 23:46,2022-08-01 01:04,2022-07-31 23:46,2022-08-01 01:04,26,19,AF,TUNISIA,FRANCE
AF1284_01_08_2022_08_15,01/08/2022,01/08/2022,AF1284,landed,CDG,CHARLES DE GAULLE,TUN,CARTHAGE,2022-08-01 09:15,08h,2022-08-01 10:40,10h,2022-08-01 09:46,2022-08-01 11:01,2022-08-01 09:46,2022-08-01 11:01,31,21,AF,TUNISIA,FRANCE
AF1785_02_08_2022_01_10,02/08/2022,02/08/2022,AF1785,landed,TUN,CARTHAGE,CDG,CHARLES DE GAULLE,2022-08-02 02:10,01h,2022-08-02 05:45,04h,,,,,0,0,AF,FRANCE,TUNISIA
BJ704_02_08_2022_03_15,02/08/2022,02/08/2022,BJ704,landed,TUN,CARTHAGE,CDG,CHARLES DE GAULLE,2022-08-02 04:15,03h,2022-08-02 07:45,06h,,,,,0,0,BJ,FRANCE,TUNISIA
TU716_02_08_2022_05_00,02/08/2022,02/08/2022,TU716,landed,TUN,CARTHAGE,ORY,ORLY,2022-08-02 06:00,05h,2022-08-02 09:20,08h,,,,,0,0,TU,FRANCE,TUNISIA
TU930_02_08_2022_05_50,02/08/2022,02/08/2022,TU930,landed,TUN,CARTHAGE,MRS,PROVENCE,2022-08-02 06:50,05h,2022-08-02 09:25,08h,,,,,0,0,TU,FRANCE,TUNISIA
BJ184_02_08_2022_05_55,02/08/2022,02/08/2022,BJ184,landed,TUN,CARTHAGE,GVA,GENEVE COINTRIN,2022-08-02 06:55,05h,2022-08-02 09:55,08h,,,,,0,0,BJ,SWITZERLAND,TUNISIA
BJ510_02_08_2022_06_00,02/08/2022,02/08/2022,BJ510,landed,TUN,CARTHAGE,CDG,CHARLES DE GAULLE,2022-08-02 07:00,06h,2022-08-02 10:30,09h,,,,,0,0,BJ,FRANCE,TUNISIA
TU214_02_08_2022_06_10,02/08/2022,02/08/2022,TU214,landed,TUN,CARTHAGE,IST,ATATURK,2022-08-02 07:10,06h,2022-08-02 11:40,10h,,,,,0,0,TU,TURKEY,TUNISIA
TU642_02_08_2022_06_20,02/08/2022,02/08/2022,TU642,landed,TUN,CARTHAGE,VIE,SCHWECHAT,2022-08-02 07:20,06h,2022-08-02 10:35,09h,,,,,0,0,TU,AUSTRIA,TUNISIA
BJ640_02_08_2022_06_30,02/08/2022,02/08/2022,BJ640,landed,TUN,CARTHAGE,IST,ATATURK,2022-08-02 07:30,06h,2022-08-02 12:20,11h,,,,,0,0,BJ,TURKEY,TUNISIA
TU750_02_08_2022_06_40,02/08/2022,02/08/2022,TU750,landed,TUN,CARTHAGE,LYS,SAINT EXUPERY,2022-08-02 07:40,06h,2022-08-02 10:30,09h,,,,,0,0,TU,FRANCE,TUNISIA
TU718_02_08_2022_06_45,02/08/2022,02/08/2022,TU718,landed,TUN,CARTHAGE,ORY,ORLY,2022-08-02 07:45,06h,2022-08-02 11:10,10h,,,,,0,0,TU,FRANCE,TUNISIA
TU788_02_08_2022_06_50,02/08/2022,02/08/2022,TU788,landed,TUN,CARTHAGE,BRU,BRUSSELS NATL,2022-08-02 07:50,06h,2022-08-02 11:25,10h,,,,,0,0,TU,BELGIUM,TUNISIA
TU756_02_08_2022_07_00,02/08/2022,02/08/2022,TU756,landed,TUN,CARTHAGE,MXP,MALPENSA,2022-08-02 08:00,07h,2022-08-02 10:45,09h,,,,,0,0,TU,ITALY,TUNISIA
TU282_02_08_2022_07_05,02/08/2022,02/08/2022,TU282,landed,TUN,CARTHAGE,TLS,BLAGNAC,2022-08-02 08:05,07h,2022-08-02 11:00,10h,,,,,0,0,TU,FRANCE,TUNISIA
TU752_02_08_2022_07_05,02/08/2022,02/08/2022,TU752,landed,TUN,CARTHAGE,FCO,FIUMICINO,2022-08-02 08:05,07h,2022-08-02 10:25,09h,,,,,0,0,TU,ITALY,TUNISIA
AF1085_02_08_2022_08_45,02/08/2022,02/08/2022,AF1085,landed,TUN,CARTHAGE,CDG,CHARLES DE GAULLE,2022-08-02 09:45,08h,2022-08-02 13:20,12h,,,,,0,0,AF,FRANCE,TUNISIA
TU151_01_08_2022_09_45,01/08/2022,01/08/2022,TU151,landed,AMM,QUEEN ALIA INTL,TUN,CARTHAGE,2022-08-01 10:45,10h,2022-08-01 12:35,11h,2022-08-01 11:04,2022-08-01 12:40,2022-08-01 11:04,2022-08-01 12:40,19,5,TU,TUNISIA,JORDAN
TU725_01_08_2022_20_50,01/08/2022,01/08/2022,TU725,landed,ORY,ORLY,TUN,CARTHAGE,2022-08-01 21:50,21h,2022-08-01 23:15,22h,2022-08-01 22:38,2022-08-01 23:50,2022-08-01 22:38,,48,35,TU,TUNISIA,FRANCE
TU929_01_08_2022_22_00,01/08/2022,01/08/2022,TU929,landed,MRS,PROVENCE,TUN,CARTHAGE,2022-08-01 23:00,22h,2022-08-01 23:30,22h,,,,,0,0,TU,TUNISIA,FRANCE
BJ517_01_08_2022_22_10,01/08/2022,01/08/2022,BJ517,landed,MRS,PROVENCE,TUN,CARTHAGE,2022-08-01 23:10,22h,2022-08-01 23:50,22h,,,,,0,0,BJ,TUNISIA,FRANCE
BJ691_01_08_2022_22_05,01/08/2022,01/08/2022,BJ691,landed,IST,ATATURK,TUN,CARTHAGE,2022-08-01 23:05,22h,2022-08-02 00:05,23h,,,,,0,0,BJ,TUNISIA,TURKEY
BJ521_01_08_2022_21_55,01/08/2022,01/08/2022,BJ521,landed,CDG,CHARLES DE GAULLE,TUN,CARTHAGE,2022-08-01 22:55,21h,2022-08-02 00:25,23h,,,,,0,0,BJ,TUNISIA,FRANCE
TU217_01_08_2022_22_45,01/08/2022,01/08/2022,TU217,landed,IST,ATATURK,TUN,CARTHAGE,2022-08-01 23:45,22h,2022-08-02 00:40,23h,,,,,0,0,TU,TUNISIA,TURKEY
AF1784_01_08_2022_22_20,01/08/2022,01/08/2022,AF1784,landed,CDG,CHARLES DE GAULLE,TUN,CARTHAGE,2022-08-01 23:20,22h,2022-08-02 00:45,23h,2022-08-01 23:19,2022-08-02 00:34,2022-08-01 23:19,,0,0,AF,TUNISIA,FRANCE
TU203_01_08_2022_14_30,01/08/2022,02/08/2022,TU203,landed,YUL,PIERRE ELLIOTT TRUDEAU INTL,TUN,CARTHAGE,2022-08-01 15:30,14h,2022-08-02 04:45,03h,,,,,0,0,TU,TUNISIA,CANADA
AF1084_02_08_2022_06_15,02/08/2022,02/08/2022,AF1084,landed,CDG,CHARLES DE GAULLE,TUN,CARTHAGE,2022-08-02 07:15,06h,2022-08-02 08:45,07h,,,,,0,0,AF,TUNISIA,FRANCE
BJ6202_01_08_2022_09_15,01/08/2022,01/08/2022,BJ6202,landed,TUN,CARTHAGE,MXP,MALPENSA,2022-08-01 10:15,09h,2022-08-01 13:05,12h,,,,,0,0,BJ,ITALY,TUNISIA
AF1285_01_08_2022_10_40,01/08/2022,01/08/2022,AF1285,landed,TUN,CARTHAGE,CDG,CHARLES DE GAULLE,2022-08-01 11:40,11h,2022-08-01 15:15,14h,2022-08-01 12:18,2022-08-01 15:45,2022-08-01 12:18,2022-08-01 15:45,38,30,AF,FRANCE,TUNISIA
TU417_01_08_2022_10_55,01/08/2022,01/08/2022,TU417,landed,TUN,CARTHAGE,BEN,BENINA,2022-08-01 11:55,11h,2022-08-01 14:40,13h,2022-08-01 12:30,,2022-08-01 12:30,,35,0,TU,LIBYA,TUNISIA
TU902_01_08_2022_11_10,01/08/2022,01/08/2022,TU902,landed,TUN,CARTHAGE,MRS,PROVENCE,2022-08-01 12:10,11h,2022-08-01 14:45,13h,2022-08-01 12:26,2022-08-01 14:55,2022-08-01 12:26,2022-08-01 14:55,16,10,TU,FRANCE,TUNISIA
TU374_01_08_2022_11_15,01/08/2022,01/08/2022,TU374,landed,TUN,CARTHAGE,ALG,HOUARI BOUMEDIENE,2022-08-01 12:15,11h,2022-08-01 13:35,13h,2022-08-01 12:48,2022-08-01 14:05,2022-08-01 12:48,2022-08-01 14:05,33,30,TU,ALGERIA,TUNISIA
TU700_01_08_2022_11_35,01/08/2022,01/08/2022,TU700,landed,TUN,CARTHAGE,GVA,GENEVE COINTRIN,2022-08-01 12:35,12h,2022-08-01 15:30,15h,2022-08-01 13:24,2022-08-01 16:11,2022-08-01 13:24,2022-08-01 16:11,49,41,TU,SWITZERLAND,TUNISIA
TU246_01_08_2022_11_45,01/08/2022,01/08/2022,TU246,landed,TUN,CARTHAGE,SXB,ENTZHEIM,2022-08-01 12:45,12h,2022-08-01 16:00,15h,2022-08-01 13:37,2022-08-01 16:39,2022-08-01 13:37,2022-08-01 16:39,52,39,TU,FRANCE,TUNISIA
BJ586_01_08_2022_12_10,01/08/2022,01/08/2022,BJ586,landed,TUN,CARTHAGE,NCE,COTE DAZUR,2022-08-01 13:10,12h,2022-08-01 15:45,14h,,,,,0,0,BJ,FRANCE,TUNISIA
TU542_01_08_2022_12_40,01/08/2022,01/08/2022,TU542,landed,TUN,CARTHAGE,MUC,FRANZ JOSEF STRAUSS,2022-08-01 13:40,13h,2022-08-01 16:50,16h,2022-08-01 14:06,2022-08-01 17:12,2022-08-01 14:06,,26,22,TU,GERMANY,TUNISIA
TU152_01_08_2022_12_45,01/08/2022,01/08/2022,TU152,landed,TUN,CARTHAGE,AMM,QUEEN ALIA INTL,2022-08-01 13:45,13h,2022-08-01 19:30,19h,2022-08-01 14:29,2022-08-01 20:12,2022-08-01 14:29,2022-08-01 20:12,44,42,TU,JORDAN,TUNISIA
TU148_01_08_2022_12_55,01/08/2022,01/08/2022,TU148,landed,TUN,CARTHAGE,DXB,DUBAI INTL,2022-08-01 13:55,14h,2022-08-01 22:40,22h,2022-08-01 15:00,2022-08-01 23:45,2022-08-01 15:00,,65,65,TU,UNITED ARAB EMIRATES,TUNISIA
BJ514_01_08_2022_13_00,01/08/2022,01/08/2022,BJ514,landed,TUN,CARTHAGE,TLS,BLAGNAC,2022-08-01 14:00,13h,2022-08-01 17:00,16h,,,,,0,0,BJ,FRANCE,TUNISIA
TU404_01_08_2022_09_30,01/08/2022,01/08/2022,TU404,landed,MJI,MITIGA AIRPORT,TUN,CARTHAGE,2022-08-01 10:30,09h,2022-08-01 10:45,10h,,2022-08-01 11:30,,2022-08-01 11:30,45,45,TU,TUNISIA,LIBYA
TU997_01_08_2022_09_20,01/08/2022,01/08/2022,TU997,landed,NCE,COTE DAZUR,TUN,CARTHAGE,2022-08-01 10:20,10h,2022-08-01 10:55,10h,2022-08-01 11:14,2022-08-01 11:35,2022-08-01 11:14,2022-08-01 11:35,54,40,TU,TUNISIA,FRANCE
TU931_01_08_2022_09_25,01/08/2022,01/08/2022,TU931,landed,MRS,PROVENCE,TUN,CARTHAGE,2022-08-01 10:25,09h,2022-08-01 11:00,10h,2022-08-01 10:35,,2022-08-01 10:35,,10,0,TU,TUNISIA,FRANCE
TU753_01_08_2022_10_25,01/08/2022,01/08/2022,TU753,landed,FCO,FIUMICINO,TUN,CARTHAGE,2022-08-01 11:25,10h,2022-08-01 11:40,10h,2022-08-01 11:31,2022-08-01 11:50,2022-08-01 11:31,2022-08-01 11:50,6,10,TU,TUNISIA,ITALY
TU717_01_08_2022_09_20,01/08/2022,01/08/2022,TU717,landed,ORY,ORLY,TUN,CARTHAGE,2022-08-01 10:20,09h,2022-08-01 11:45,10h,2022-08-01 10:31,,2022-08-01 10:31,,11,0,TU,TUNISIA,FRANCE
BJ599_01_08_2022_10_00,01/08/2022,01/08/2022,BJ599,landed,LYS,SAINT EXUPERY,TUN,CARTHAGE,2022-08-01 11:00,10h,2022-08-01 11:55,10h,,,,,0,0,BJ,TUNISIA,FRANCE
TU751_01_08_2022_10_30,01/08/2022,01/08/2022,TU751,landed,LYS,SAINT EXUPERY,TUN,CARTHAGE,2022-08-01 11:30,11h,2022-08-01 12:25,12h,2022-08-01 12:10,2022-08-01 13:00,2022-08-01 12:10,2022-08-01 13:00,40,35,TU,TUNISIA,FRANCE
TU757_01_08_2022_10_45,01/08/2022,01/08/2022,TU757,landed,MXP,MALPENSA,TUN,CARTHAGE,2022-08-01 11:45,10h,2022-08-01 12:35,11h,2022-08-01 11:54,2022-08-01 12:40,2022-08-01 11:54,2022-08-01 12:40,9,5,TU,TUNISIA,ITALY
BJ511_01_08_2022_10_30,01/08/2022,01/08/2022,BJ511,landed,CDG,CHARLES DE GAULLE,TUN,CARTHAGE,2022-08-01 11:30,10h,2022-08-01 13:00,12h,,,,,0,0,BJ,TUNISIA,FRANCE
BJ641_01_08_2022_11_15,01/08/2022,01/08/2022,BJ641,landed,IST,ATATURK,TUN,CARTHAGE,2022-08-01 12:15,11h,2022-08-01 13:15,12h,,,,,0,0,BJ,TUNISIA,TURKEY
TU745_01_08_2022_11_20,01/08/2022,01/08/2022,TU745,landed,FRA,FRANKFURT MAIN,TUN,CARTHAGE,2022-08-01 12:20,11h,2022-08-01 13:40,13h,,2022-08-01 14:58,,,78,78,TU,TUNISIA,GERMANY
TU719_01_08_2022_11_40,01/08/2022,01/08/2022,TU719,landed,ORY,ORLY,TUN,CARTHAGE,2022-08-01 12:40,11h,2022-08-01 14:05,13h,2022-08-01 12:55,2022-08-01 14:25,2022-08-01 12:55,2022-08-01 14:25,15,20,TU,TUNISIA,FRANCE
TU712_01_08_2022_10_45,01/08/2022,01/08/2022,TU712,landed,CMN,MOHAMMED V INTL,TUN,CARTHAGE,2022-08-01 11:45,10h,2022-08-01 14:10,13h,2022-08-01 11:35,2022-08-01 14:00,2022-08-01 11:35,2022-08-01 14:00,0,0,TU,TUNISIA,MOROCCO
AF7358_01_08_2022_12_10,01/08/2022,01/08/2022,AF7358,landed,ORY,ORLY,TUN,CARTHAGE,2022-08-01 13:10,12h,2022-08-01 14:35,13h,2022-08-01 13:38,2022-08-01 14:52,2022-08-01 13:38,2022-08-01 14:52,28,17,AF,TUNISIA,FRANCE
TU792_01_08_2022_13_10,01/08/2022,01/08/2022,TU792,landed,TUN,CARTHAGE,STN,STANSTED,2022-08-01 14:10,13h,2022-08-01 17:15,17h,,2022-08-01 18:39,,,84,84,TU,UNITED KINGDOM,TUNISIA
TU375_01_08_2022_13_35,01/08/2022,01/08/2022,TU375,landed,ALG,HOUARI BOUMEDIENE,TUN,CARTHAGE,2022-08-01 14:35,14h,2022-08-01 15:45,15h,2022-08-01 15:00,2022-08-01 16:05,2022-08-01 15:00,2022-08-01 16:05,25,20,TU,TUNISIA,ALGERIA
AF9468_01_08_2022_14_20,01/08/2022,01/08/2022,AF9468,landed,NCE,COTE DAZUR,TUN,CARTHAGE,2022-08-01 15:20,14h,2022-08-01 15:50,14h,2022-08-01 15:30,2022-08-01 15:55,2022-08-01 15:30,2022-08-01 15:55,10,5,AF,TUNISIA,FRANCE
BJ6203_01_08_2022_14_20,01/08/2022,01/08/2022,BJ6203,landed,VRN,VILLAFRANCA,TUN,CARTHAGE,2022-08-01 15:20,14h,2022-08-01 16:10,15h,,,,,0,0,BJ,TUNISIA,ITALY
TU903_01_08_2022_14_45,01/08/2022,01/08/2022,TU903,landed,MRS,PROVENCE,TUN,CARTHAGE,2022-08-01 15:45,15h,2022-08-01 16:20,15h,2022-08-01 16:04,2022-08-01 16:35,2022-08-01 16:04,2022-08-01 16:35,19,15,TU,TUNISIA,FRANCE
TU418_01_08_2022_14_40,01/08/2022,01/08/2022,TU418,landed,BEN,BENINA,TUN,CARTHAGE,2022-08-01 15:40,14h,2022-08-01 16:30,15h,,,,,0,0,TU,TUNISIA,LIBYA
TU526_01_08_2022_14_10,01/08/2022,01/08/2022,TU526,landed,TUN,CARTHAGE,DUS,DUSSELDORF,2022-08-01 15:10,15h,2022-08-01 18:55,18h,2022-08-01 16:05,2022-08-01 19:43,2022-08-01 16:05,2022-08-01 19:43,55,48,TU,GERMANY,TUNISIA
BJ576_01_08_2022_14_30,01/08/2022,01/08/2022,BJ576,landed,TUN,CARTHAGE,SXB,ENTZHEIM,2022-08-01 15:30,14h,2022-08-01 18:45,17h,,,,,0,0,BJ,FRANCE,TUNISIA
TU722_01_08_2022_14_35,01/08/2022,01/08/2022,TU722,landed,TUN,CARTHAGE,ORY,ORLY,2022-08-01 15:35,15h,2022-08-01 19:00,18h,2022-08-01 16:06,2022-08-01 19:24,2022-08-01 16:06,2022-08-01 19:24,31,24,TU,FRANCE,TUNISIA
AF7359_01_08_2022_14_45,01/08/2022,01/08/2022,AF7359,landed,TUN,CARTHAGE,ORY,ORLY,2022-08-01 15:45,14h,2022-08-01 19:05,18h,2022-08-01 15:57,2022-08-01 19:22,2022-08-01 15:57,2022-08-01 19:22,12,17,AF,FRANCE,TUNISIA
BJ587_01_08_2022_15_45,01/08/2022,01/08/2022,BJ587,landed,NCE,COTE DAZUR,TUN,CARTHAGE,2022-08-01 16:45,15h,2022-08-01 17:20,16h,,,,,0,0,BJ,TUNISIA,FRANCE
TU701_01_08_2022_15_30,01/08/2022,01/08/2022,TU701,landed,GVA,GENEVE COINTRIN,TUN,CARTHAGE,2022-08-01 16:30,16h,2022-08-01 17:25,16h,2022-08-01 17:11,,2022-08-01 17:11,,41,0,TU,TUNISIA,SWITZERLAND
AF1184_01_08_2022_15_20,01/08/2022,01/08/2022,AF1184,landed,CDG,CHARLES DE GAULLE,TUN,CARTHAGE,2022-08-01 16:20,16h,2022-08-01 17:45,17h,2022-08-01 17:10,2022-08-01 18:29,2022-08-01 17:10,2022-08-01 18:29,50,44,AF,TUNISIA,FRANCE
TU247_01_08_2022_15_50,01/08/2022,01/08/2022,TU247,landed,SXB,ENTZHEIM,TUN,CARTHAGE,2022-08-01 16:50,16h,2022-08-01 18:00,17h,2022-08-01 17:29,2022-08-01 18:30,2022-08-01 17:29,2022-08-01 18:30,39,30,TU,TUNISIA,FRANCE
AF9469_01_08_2022_15_50,01/08/2022,01/08/2022,AF9469,landed,TUN,CARTHAGE,NCE,COTE DAZUR,2022-08-01 16:50,15h,2022-08-01 19:25,18h,2022-08-01 16:56,2022-08-01 19:23,2022-08-01 16:56,2022-08-01 19:23,6,0,AF,FRANCE,TUNISIA
BJ515_01_08_2022_17_00,01/08/2022,01/08/2022,BJ515,landed,TLS,BLAGNAC,TUN,CARTHAGE,2022-08-01 18:00,17h,2022-08-01 18:55,17h,,,,,0,0,BJ,TUNISIA,FRANCE
TU543_01_08_2022_16_55,01/08/2022,01/08/2022,TU543,landed,MUC,FRANZ JOSEF STRAUSS,TUN,CARTHAGE,2022-08-01 17:55,16h,2022-08-01 19:00,18h,,2022-08-01 19:58,,,58,58,TU,TUNISIA,GERMANY
BJ690_01_08_2022_16_15,01/08/2022,01/08/2022,BJ690,landed,TUN,CARTHAGE,IST,ATATURK,2022-08-01 17:15,16h,2022-08-01 22:05,21h,,,,,0,0,BJ,TURKEY,TUNISIA
TU724_01_08_2022_16_30,01/08/2022,01/08/2022,TU724,landed,TUN,CARTHAGE,ORY,ORLY,2022-08-01 17:30,17h,2022-08-01 20:50,20h,2022-08-01 18:19,2022-08-01 21:38,2022-08-01 18:19,2022-08-01 21:38,49,48,TU,FRANCE,TUNISIA
TU216_01_08_2022_16_55,01/08/2022,01/08/2022,TU216,landed,TUN,CARTHAGE,IST,ATATURK,2022-08-01 17:55,17h,2022-08-01 22:35,21h,2022-08-01 18:10,2022-08-01 22:51,2022-08-01 18:10,2022-08-01 22:51,15,16,TU,TURKEY,TUNISIA
BJ520_01_08_2022_17_25,01/08/2022,01/08/2022,BJ520,landed,TUN,CARTHAGE,CDG,CHARLES DE GAULLE,2022-08-01 18:25,17h,2022-08-01 21:55,21h,,2022-08-01 22:34,,2022-08-01 22:34,39,39,BJ,FRANCE,TUNISIA
AF1185_01_08_2022_17_45,01/08/2022,01/08/2022,AF1185,landed,TUN,CARTHAGE,CDG,CHARLES DE GAULLE,2022-08-01 18:45,18h,2022-08-01 22:20,22h,2022-08-01 19:40,2022-08-01 23:06,2022-08-01 19:40,2022-08-01 23:06,55,46,AF,FRANCE,TUNISIA
BJ577_01_08_2022_18_35,01/08/2022,01/08/2022,BJ577,landed,SXB,ENTZHEIM,TUN,CARTHAGE,2022-08-01 19:35,18h,2022-08-01 20:40,19h,,,,,0,0,BJ,TUNISIA,FRANCE
TU793_01_08_2022_17_15,01/08/2022,01/08/2022,TU793,landed,STN,STANSTED,TUN,CARTHAGE,2022-08-01 18:15,17h,2022-08-01 21:20,20h,2022-08-01 18:53,2022-08-01 21:35,2022-08-01 18:53,2022-08-01 21:35,38,15,TU,TUNISIA,UNITED KINGDOM
TU527_01_08_2022_18_55,01/08/2022,01/08/2022,TU527,landed,DUS,DUSSELDORF,TUN,CARTHAGE,2022-08-01 19:55,18h,2022-08-01 21:30,20h,,,,,0,0,TU,TUNISIA,GERMANY
TU928_01_08_2022_18_25,01/08/2022,01/08/2022,TU928,landed,TUN,CARTHAGE,MRS,PROVENCE,2022-08-01 19:25,18h,2022-08-01 22:00,21h,2022-08-01 19:42,2022-08-01 22:12,2022-08-01 19:42,2022-08-01 22:12,17,12,TU,FRANCE,TUNISIA
BJ516_01_08_2022_18_45,01/08/2022,01/08/2022,BJ516,landed,TUN,CARTHAGE,MRS,PROVENCE,2022-08-01 19:45,18h,2022-08-01 22:20,21h,,2022-08-01 22:38,,2022-08-01 22:38,18,18,BJ,FRANCE,TUNISIA
TU723_01_08_2022_19_30,01/08/2022,01/08/2022,TU723,landed,ORY,ORLY,TUN,CARTHAGE,2022-08-01 20:30,19h,2022-08-01 21:55,20h,,2022-08-01 21:45,,2022-08-01 21:45,0,0,TU,TUNISIA,FRANCE
TO9897_01_08_2022_15_15,01/08/2022,01/08/2022,TO9897,landed,TUN,CARTHAGE,ORY,ORLY,2022-08-01 16:15,16h,2022-08-01 19:50,19h,2022-08-01 17:00,2022-08-01 20:25,2022-08-01 17:00,2022-08-01 20:25,45,35,TO,FRANCE,TUNISIA
TO8075_01_08_2022_17_30,01/08/2022,01/08/2022,TO8075,landed,TUN,CARTHAGE,ORY,ORLY,2022-08-01 18:30,18h,2022-08-01 22:05,21h,2022-08-01 19:02,2022-08-01 22:29,2022-08-01 19:02,2022-08-01 22:29,32,24,TO,FRANCE,TUNISIA
TO9961_02_08_2022_07_10,02/08/2022,02/08/2022,TO9961,landed,TUN,CARTHAGE,NTE,NANTES ATLANTIQUE,2022-08-02 08:10,07h,2022-08-02 11:45,10h,,,,,0,0,TO,FRANCE,TUNISIA
TO3773_02_08_2022_07_20,02/08/2022,02/08/2022,TO3773,landed,TUN,CARTHAGE,ORY,ORLY,2022-08-02 08:20,07h,2022-08-02 11:55,10h,,,,,0,0,TO,FRANCE,TUNISIA
TO4075_02_08_2022_07_40,02/08/2022,02/08/2022,TO4075,landed,TUN,CARTHAGE,ORY,ORLY,2022-08-02 08:40,07h,2022-08-02 12:15,11h,,,,,0,0,TO,FRANCE,TUNISIA
TO8074_01_08_2022_15_15,01/08/2022,01/08/2022,TO8074,landed,ORY,ORLY,TUN,CARTHAGE,2022-08-01 16:15,15h,2022-08-01 17:45,16h,2022-08-01 16:55,,2022-08-01 16:55,,40,0,TO,TUNISIA,FRANCE
TO9960_02_08_2022_05_00,02/08/2022,02/08/2022,TO9960,landed,NTE,NANTES ATLANTIQUE,TUN,CARTHAGE,2022-08-02 06:00,05h,2022-08-02 07:25,06h,,,,,0,0,TO,TUNISIA,FRANCE
TO3772_02_08_2022_05_10,02/08/2022,02/08/2022,TO3772,landed,ORY,ORLY,TUN,CARTHAGE,2022-08-02 06:10,05h,2022-08-02 07:35,06h,,,,,0,0,TO,TUNISIA,FRANCE
TO4074_02_08_2022_05_25,02/08/2022,02/08/2022,TO4074,landed,ORY,ORLY,TUN,CARTHAGE,2022-08-02 06:25,05h,2022-08-02 07:55,06h,,,,,0,0,TO,TUNISIA,FRANCE
BJ705_02_08_2022_07_45,02/08/2022,02/08/2022,BJ705,landed,CDG,CHARLES DE GAULLE,TUN,CARTHAGE,2022-08-02 08:45,07h,2022-08-02 10:10,09h,,,,,0,0,BJ,TUNISIA,FRANCE
AF1284_02_08_2022_08_15,02/08/2022,02/08/2022,AF1284,cancelled,CDG,CHARLES DE GAULLE,TUN,CARTHAGE,2022-08-02 09:15,08h,2022-08-02 10:40,09h,,,,,0,0,AF,TUNISIA,FRANCE
TU399_02_08_2022_16_15,02/08/2022,02/08/2022,TU399,landed,TUN,CARTHAGE,ABJ,ABIDJAN FELIX HOUPHOUET BOIGNY INTL,2022-08-02 17:15,16h,2022-08-02 21:30,20h,,,,,0,0,TU,COTE DIVOIRE,TUNISIA
TU395_02_08_2022_16_25,02/08/2022,02/08/2022,TU395,landed,TUN,CARTHAGE,BKO,SENOU,2022-08-02 17:25,16h,2022-08-02 21:10,20h,,,,,0,0,TU,MALI,TUNISIA
TU711_02_08_2022_19_00,02/08/2022,02/08/2022,TU711,landed,TUN,CARTHAGE,CMN,MOHAMMED V INTL,2022-08-02 20:00,19h,2022-08-02 22:40,21h,,,,,0,0,TU,MOROCCO,TUNISIA
TU813_02_08_2022_21_30,02/08/2022,03/08/2022,TU813,landed,TUN,CARTHAGE,CAI,CAIRO INTL,2022-08-02 22:30,21h,2022-08-03 02:30,01h,,,,,0,0,TU,EGYPT,TUNISIA
BJ690_02_08_2022_22_30,02/08/2022,03/08/2022,BJ690,landed,TUN,CARTHAGE,IST,ATATURK,2022-08-02 23:30,22h,2022-08-03 04:20,03h,,,,,0,0,BJ,TURKEY,TUNISIA
AF1785_03_08_2022_01_10,03/08/2022,03/08/2022,AF1785,landed,TUN,CARTHAGE,CDG,CHARLES DE GAULLE,2022-08-03 02:10,01h,2022-08-03 05:45,04h,,,,,0,0,AF,FRANCE,TUNISIA
BJ704_03_08_2022_02_15,03/08/2022,03/08/2022,BJ704,landed,TUN,CARTHAGE,CDG,CHARLES DE GAULLE,2022-08-03 03:15,02h,2022-08-03 06:45,05h,,,,,0,0,BJ,FRANCE,TUNISIA
BJ4324_03_08_2022_02_30,03/08/2022,03/08/2022,BJ4324,landed,TUN,CARTHAGE,DLM,DALAMAN,2022-08-03 03:30,02h,2022-08-03 07:55,06h,,,,,0,0,BJ,TURKEY,TUNISIA
TU716_03_08_2022_05_00,03/08/2022,03/08/2022,TU716,landed,TUN,CARTHAGE,ORY,ORLY,2022-08-03 06:00,05h,2022-08-03 09:20,08h,,,,,0,0,TU,FRANCE,TUNISIA
TU930_03_08_2022_05_50,03/08/2022,03/08/2022,TU930,landed,TUN,CARTHAGE,MRS,PROVENCE,2022-08-03 06:50,05h,2022-08-03 09:25,08h,,,,,0,0,TU,FRANCE,TUNISIA
BJ510_03_08_2022_06_00,03/08/2022,03/08/2022,BJ510,landed,TUN,CARTHAGE,CDG,CHARLES DE GAULLE,2022-08-03 07:00,06h,2022-08-03 10:30,09h,,,,,0,0,BJ,FRANCE,TUNISIA
TU996_03_08_2022_06_00,03/08/2022,03/08/2022,TU996,landed,TUN,CARTHAGE,NCE,COTE DAZUR,2022-08-03 07:00,06h,2022-08-03 09:30,08h,,,,,0,0,TU,FRANCE,TUNISIA
TU403_03_08_2022_06_20,03/08/2022,03/08/2022,TU403,landed,TUN,CARTHAGE,MJI,MITIGA AIRPORT,2022-08-03 07:20,06h,2022-08-03 09:30,08h,,,,,0,0,TU,LIBYA,TUNISIA
BJ576_03_08_2022_06_30,03/08/2022,03/08/2022,BJ576,landed,TUN,CARTHAGE,SXB,ENTZHEIM,2022-08-03 07:30,06h,2022-08-03 10:45,09h,,,,,0,0,BJ,FRANCE,TUNISIA
TO9871_03_08_2022_06_40,03/08/2022,03/08/2022,TO9871,landed,TUN,CARTHAGE,LYS,SAINT EXUPERY,2022-08-03 07:40,06h,2022-08-03 10:40,09h,,,,,0,0,TO,FRANCE,TUNISIA
TU718_03_08_2022_06_45,03/08/2022,03/08/2022,TU718,active,TUN,CARTHAGE,ORY,ORLY,2022-08-03 07:45,06h,2022-08-03 11:10,10h,,,,,0,0,TU,FRANCE,TUNISIA
TU788_03_08_2022_06_50,03/08/2022,03/08/2022,TU788,active,TUN,CARTHAGE,BRU,BRUSSELS NATL,2022-08-03 07:50,06h,2022-08-03 11:25,10h,,,,,0,0,TU,BELGIUM,TUNISIA
TU744_03_08_2022_06_55,03/08/2022,03/08/2022,TU744,active,TUN,CARTHAGE,FRA,FRANKFURT MAIN,2022-08-03 07:55,06h,2022-08-03 11:30,10h,,,,,0,0,TU,GERMANY,TUNISIA
BJ396_03_08_2022_07_00,03/08/2022,03/08/2022,BJ396,active,TUN,CARTHAGE,BRU,BRUSSELS NATL,2022-08-03 08:00,07h,2022-08-03 11:30,10h,,,,,0,0,BJ,BELGIUM,TUNISIA
TU756_03_08_2022_07_00,03/08/2022,03/08/2022,TU756,landed,TUN,CARTHAGE,MXP,MALPENSA,2022-08-03 08:00,07h,2022-08-03 10:45,09h,,,,,0,0,TU,ITALY,TUNISIA
TU472_03_08_2022_07_10,03/08/2022,03/08/2022,TU472,landed,TUN,CARTHAGE,VCE,VENEZIA TESSERA,2022-08-03 08:10,07h,2022-08-03 10:55,09h,,,,,0,0,TU,ITALY,TUNISIA
TO3765_03_08_2022_08_00,03/08/2022,03/08/2022,TO3765,active,TUN,CARTHAGE,ORY,ORLY,2022-08-03 09:00,08h,2022-08-03 12:35,11h,,,,,0,0,TO,FRANCE,TUNISIA
TU202_03_08_2022_08_35,03/08/2022,03/08/2022,TU202,active,TUN,CARTHAGE,YUL,PIERRE ELLIOTT TRUDEAU INTL,2022-08-03 09:35,08h,2022-08-03 13:30,12h,,,,,0,0,TU,CANADA,TUNISIA
AF1085_03_08_2022_08_45,03/08/2022,03/08/2022,AF1085,active,TUN,CARTHAGE,CDG,CHARLES DE GAULLE,2022-08-03 09:45,08h,2022-08-03 13:20,12h,,,,,0,0,AF,FRANCE,TUNISIA
TU151_02_08_2022_09_45,02/08/2022,02/08/2022,TU151,landed,AMM,QUEEN ALIA INTL,TUN,CARTHAGE,2022-08-02 10:45,09h,2022-08-02 12:35,11h,2022-08-02 10:47,2022-08-02 12:37,2022-08-02 10:47,2022-08-02 12:37,2,2,TU,TUNISIA,JORDAN
BJ599_02_08_2022_20_35,02/08/2022,02/08/2022,BJ599,landed,LYS,SAINT EXUPERY,TUN,CARTHAGE,2022-08-02 21:35,20h,2022-08-02 22:30,21h,,,,,0,0,BJ,TUNISIA,FRANCE
BJ845_02_08_2022_18_30,02/08/2022,02/08/2022,BJ845,landed,LGW,GATWICK,TUN,CARTHAGE,2022-08-02 19:30,19h,2022-08-02 22:30,21h,2022-08-02 20:01,,2022-08-02 20:01,,31,0,BJ,TUNISIA,UNITED KINGDOM
TU721_02_08_2022_20_40,02/08/2022,02/08/2022,TU721,landed,ORY,ORLY,TUN,CARTHAGE,2022-08-02 21:40,20h,2022-08-02 23:05,22h,,,,,0,0,TU,TUNISIA,FRANCE
TU725_02_08_2022_20_50,02/08/2022,02/08/2022,TU725,landed,ORY,ORLY,TUN,CARTHAGE,2022-08-02 21:50,20h,2022-08-02 23:15,22h,,,,,0,0,TU,TUNISIA,FRANCE
BJ567_02_08_2022_21_25,02/08/2022,02/08/2022,BJ567,landed,LIL,LESQUIN,TUN,CARTHAGE,2022-08-02 22:25,21h,2022-08-03 00:00,23h,,,,,0,0,BJ,TUNISIA,FRANCE
BJ521_02_08_2022_21_55,02/08/2022,02/08/2022,BJ521,landed,CDG,CHARLES DE GAULLE,TUN,CARTHAGE,2022-08-02 22:55,21h,2022-08-03 00:25,23h,,,,,0,0,BJ,TUNISIA,FRANCE
AF1784_02_08_2022_22_20,02/08/2022,02/08/2022,AF1784,landed,CDG,CHARLES DE GAULLE,TUN,CARTHAGE,2022-08-02 23:20,22h,2022-08-03 00:45,23h,2022-08-02 23:14,2022-08-03 00:34,2022-08-02 23:14,,0,0,AF,TUNISIA,FRANCE
TU629_02_08_2022_22_40,03/08/2022,02/08/2022,TU629,landed,BOD,MERIGNAC,TUN,CARTHAGE,2022-08-02 23:40,00h,2022-08-03 00:45,23h,2022-08-03 01:00,,,,80,80,TU,TUNISIA,FRANCE
TU712_02_08_2022_22_30,02/08/2022,03/08/2022,TU712,landed,CMN,MOHAMMED V INTL,TUN,CARTHAGE,2022-08-02 23:30,22h,2022-08-03 01:55,00h,,,,,0,0,TU,TUNISIA,MOROCCO
TU395_02_08_2022_21_00,02/08/2022,03/08/2022,TU395,landed,BKO,SENOU,TUN,CARTHAGE,2022-08-02 22:00,21h,2022-08-03 03:30,03h,,2022-08-03 04:45,,,0,75,TU,TUNISIA,MALI
TU841_02_08_2022_22_00,02/08/2022,03/08/2022,TU841,landed,CKY,CONAKRY,TUN,CARTHAGE,2022-08-02 23:00,22h,2022-08-03 05:05,04h,,,,,0,0,TU,TUNISIA,GUINEA
TU814_03_08_2022_02_30,03/08/2022,03/08/2022,TU814,landed,CAI,CAIRO INTL,TUN,CARTHAGE,2022-08-03 03:30,02h,2022-08-03 05:45,04h,,,,,0,0,TU,TUNISIA,EGYPT
TU399_03_08_2022_01_25,03/08/2022,03/08/2022,TU399,landed,NIM,DIORI HAMANI,TUN,CARTHAGE,2022-08-03 02:25,01h,2022-08-03 06:05,05h,,,,,0,0,TU,TUNISIA,NIGER
BJ691_03_08_2022_04_20,03/08/2022,03/08/2022,BJ691,landed,IST,ATATURK,TUN,CARTHAGE,2022-08-03 05:20,04h,2022-08-03 06:20,05h,,,,,0,0,BJ,TUNISIA,TURKEY
TO9870_03_08_2022_04_55,03/08/2022,03/08/2022,TO9870,landed,LYS,SAINT EXUPERY,TUN,CARTHAGE,2022-08-03 05:55,04h,2022-08-03 06:55,05h,,,,,0,0,TO,TUNISIA,FRANCE
TO3764_03_08_2022_05_45,03/08/2022,03/08/2022,TO3764,landed,ORY,ORLY,TUN,CARTHAGE,2022-08-03 06:45,05h,2022-08-03 08:15,07h,,,,,0,0,TO,TUNISIA,FRANCE
AF1084_03_08_2022_06_15,03/08/2022,03/08/2022,AF1084,landed,CDG,CHARLES DE GAULLE,TUN,CARTHAGE,2022-08-03 07:15,06h,2022-08-03 08:45,07h,,,,,0,0,AF,TUNISIA,FRANCE
BJ705_03_08_2022_06_45,03/08/2022,03/08/2022,BJ705,landed,CDG,CHARLES DE GAULLE,TUN,CARTHAGE,2022-08-03 07:45,06h,2022-08-03 09:10,08h,,,,,0,0,BJ,TUNISIA,FRANCE
BJ4325_03_08_2022_07_55,03/08/2022,03/08/2022,BJ4325,landed,DLM,DALAMAN,TUN,CARTHAGE,2022-08-03 08:55,07h,2022-08-03 09:40,08h,,,,,0,0,BJ,TUNISIA,TURKEY
BJ522_02_08_2022_10_10,02/08/2022,02/08/2022,BJ522,landed,TUN,CARTHAGE,NTE,NANTES ATLANTIQUE,2022-08-02 11:10,10h,2022-08-02 14:40,13h,,,,,0,0,BJ,FRANCE,TUNISIA
AF1285_02_08_2022_10_40,02/08/2022,02/08/2022,AF1285,cancelled,TUN,CARTHAGE,CDG,CHARLES DE GAULLE,2022-08-02 11:40,10h,2022-08-02 15:15,14h,,,,,0,0,AF,FRANCE,TUNISIA
TU708_02_08_2022_11_00,02/08/2022,02/08/2022,TU708,landed,TUN,CARTHAGE,ORN,ES SENIA,2022-08-02 12:00,11h,2022-08-02 13:45,12h,,2022-08-02 13:35,,2022-08-02 13:35,0,0,TU,ALGERIA,TUNISIA
TO3989_02_08_2022_11_30,02/08/2022,02/08/2022,TO3989,landed,TUN,CARTHAGE,ORY,ORLY,2022-08-02 12:30,12h,2022-08-02 16:00,15h,2022-08-02 13:17,2022-08-02 16:55,2022-08-02 13:17,2022-08-02 16:55,47,55,TO,FRANCE,TUNISIA
TU362_02_08_2022_11_30,02/08/2022,02/08/2022,TU362,landed,TUN,CARTHAGE,BLQ,BOLOGNA,2022-08-02 12:30,11h,2022-08-02 15:05,14h,2022-08-02 12:45,2022-08-02 15:15,2022-08-02 12:45,,15,10,TU,ITALY,TUNISIA
TU374_02_08_2022_11_45,02/08/2022,02/08/2022,TU374,landed,TUN,CARTHAGE,ALG,HOUARI BOUMEDIENE,2022-08-02 12:45,11h,2022-08-02 14:05,13h,2022-08-02 12:47,2022-08-02 14:10,2022-08-02 12:47,2022-08-02 14:10,2,5,TU,ALGERIA,TUNISIA
BJ586_02_08_2022_11_50,02/08/2022,02/08/2022,BJ586,landed,TUN,CARTHAGE,NCE,COTE DAZUR,2022-08-02 12:50,11h,2022-08-02 15:25,14h,,,,,0,0,BJ,FRANCE,TUNISIA
TU152_02_08_2022_12_45,02/08/2022,02/08/2022,TU152,landed,TUN,CARTHAGE,AMM,QUEEN ALIA INTL,2022-08-02 13:45,12h,2022-08-02 19:30,18h,2022-08-02 13:56,2022-08-02 19:45,2022-08-02 13:56,2022-08-02 19:45,11,15,TU,JORDAN,TUNISIA
TU902_02_08_2022_12_45,02/08/2022,02/08/2022,TU902,landed,TUN,CARTHAGE,MRS,PROVENCE,2022-08-02 13:45,14h,2022-08-02 16:20,16h,2022-08-02 15:02,2022-08-02 17:37,2022-08-02 15:02,2022-08-02 17:37,77,77,TU,FRANCE,TUNISIA
TU792_02_08_2022_12_55,02/08/2022,02/08/2022,TU792,landed,TUN,CARTHAGE,STN,STANSTED,2022-08-02 13:55,13h,2022-08-02 17:00,16h,2022-08-02 14:08,,2022-08-02 14:08,,13,0,TU,UNITED KINGDOM,TUNISIA
TU998_02_08_2022_13_00,02/08/2022,02/08/2022,TU998,landed,TUN,CARTHAGE,NCE,COTE DAZUR,2022-08-02 14:00,13h,2022-08-02 16:30,15h,,2022-08-02 16:52,,2022-08-02 16:52,22,22,TU,FRANCE,TUNISIA
TU700_02_08_2022_13_05,02/08/2022,02/08/2022,TU700,landed,TUN,CARTHAGE,GVA,GENEVE COINTRIN,2022-08-02 14:05,13h,2022-08-02 17:00,16h,2022-08-02 14:19,2022-08-02 17:02,2022-08-02 14:19,2022-08-02 17:02,14,2,TU,SWITZERLAND,TUNISIA
TU841_02_08_2022_14_30,02/08/2022,02/08/2022,TU841,landed,TUN,CARTHAGE,DSS,BLAISE DIAGNE INTERNATIONAL AIRPORT,2022-08-02 15:30,15h,2022-08-02 19:40,19h,2022-08-02 16:27,2022-08-02 20:00,2022-08-02 16:27,,57,20,TU,SENEGAL,TUNISIA
TU722_02_08_2022_14_35,02/08/2022,02/08/2022,TU722,landed,TUN,CARTHAGE,ORY,ORLY,2022-08-02 15:35,15h,2022-08-02 19:00,19h,2022-08-02 16:47,2022-08-02 20:00,2022-08-02 16:47,2022-08-02 20:00,72,60,TU,FRANCE,TUNISIA
AF9465_02_08_2022_14_45,02/08/2022,02/08/2022,AF9465,landed,TUN,CARTHAGE,MRS,PROVENCE,2022-08-02 15:45,15h,2022-08-02 18:20,18h,2022-08-02 16:45,2022-08-02 19:22,2022-08-02 16:45,2022-08-02 19:22,60,62,AF,FRANCE,TUNISIA
BJ844_02_08_2022_14_45,02/08/2022,02/08/2022,BJ844,landed,TUN,CARTHAGE,LGW,GATWICK,2022-08-02 15:45,14h,2022-08-02 18:30,17h,,2022-08-02 18:41,,,11,11,BJ,UNITED KINGDOM,TUNISIA
AF7359_02_08_2022_15_50,02/08/2022,02/08/2022,AF7359,landed,TUN,CARTHAGE,ORY,ORLY,2022-08-02 16:50,16h,2022-08-02 20:10,19h,2022-08-02 17:18,2022-08-02 20:37,2022-08-02 17:18,2022-08-02 20:37,28,27,AF,FRANCE,TUNISIA
TU720_02_08_2022_16_05,02/08/2022,02/08/2022,TU720,landed,TUN,CARTHAGE,ORY,ORLY,2022-08-02 17:05,17h,2022-08-02 20:30,21h,2022-08-02 18:52,2022-08-02 22:08,2022-08-02 18:52,2022-08-02 22:08,107,98,TU,FRANCE,TUNISIA
TU724_02_08_2022_16_30,02/08/2022,02/08/2022,TU724,landed,TUN,CARTHAGE,ORY,ORLY,2022-08-02 17:30,17h,2022-08-02 20:50,20h,2022-08-02 18:09,2022-08-02 21:23,2022-08-02 18:09,2022-08-02 21:23,39,33,TU,FRANCE,TUNISIA
BJ598_02_08_2022_16_50,02/08/2022,02/08/2022,BJ598,landed,TUN,CARTHAGE,LYS,SAINT EXUPERY,2022-08-02 17:50,16h,2022-08-02 20:45,20h,,2022-08-02 21:57,,,72,72,BJ,FRANCE,TUNISIA
BJ566_02_08_2022_16_55,02/08/2022,02/08/2022,BJ566,landed,TUN,CARTHAGE,LIL,LESQUIN,2022-08-02 17:55,16h,2022-08-02 21:35,20h,,2022-08-02 21:34,,,0,0,BJ,FRANCE,TUNISIA
BJ520_02_08_2022_17_25,02/08/2022,02/08/2022,BJ520,landed,TUN,CARTHAGE,CDG,CHARLES DE GAULLE,2022-08-02 18:25,17h,2022-08-02 21:55,18h,,2022-08-02 19:22,,2022-08-02 19:22,0,0,BJ,FRANCE,TUNISIA
TO8075_02_08_2022_17_30,02/08/2022,02/08/2022,TO8075,landed,TUN,CARTHAGE,ORY,ORLY,2022-08-02 18:30,18h,2022-08-02 22:05,21h,2022-08-02 19:06,2022-08-02 22:30,2022-08-02 19:06,2022-08-02 22:30,36,25,TO,FRANCE,TUNISIA
AF1185_02_08_2022_17_45,02/08/2022,02/08/2022,AF1185,landed,TUN,CARTHAGE,CDG,CHARLES DE GAULLE,2022-08-02 18:45,19h,2022-08-02 22:20,22h,2022-08-02 20:35,2022-08-02 23:48,2022-08-02 20:35,,110,88,AF,FRANCE,TUNISIA
TU628_02_08_2022_18_30,02/08/2022,02/08/2022,TU628,landed,TUN,CARTHAGE,BOD,MERIGNAC,2022-08-02 19:30,18h,2022-08-02 22:40,22h,,2022-08-02 23:15,,,35,35,TU,FRANCE,TUNISIA
TU931_02_08_2022_09_25,02/08/2022,02/08/2022,TU931,landed,MRS,PROVENCE,TUN,CARTHAGE,2022-08-02 10:25,09h,2022-08-02 11:00,09h,2022-08-02 10:15,2022-08-02 10:45,2022-08-02 10:15,2022-08-02 10:45,0,0,TU,TUNISIA,FRANCE
TU753_02_08_2022_10_25,02/08/2022,02/08/2022,TU753,landed,FCO,FIUMICINO,TUN,CARTHAGE,2022-08-02 11:25,10h,2022-08-02 11:40,10h,2022-08-02 11:30,2022-08-02 11:45,2022-08-02 11:30,2022-08-02 11:45,5,5,TU,TUNISIA,ITALY
TO3988_02_08_2022_09_15,02/08/2022,02/08/2022,TO3988,landed,ORY,ORLY,TUN,CARTHAGE,2022-08-02 10:15,09h,2022-08-02 11:45,11h,2022-08-02 10:49,2022-08-02 12:27,2022-08-02 10:49,2022-08-02 12:27,34,42,TO,TUNISIA,FRANCE
TU717_02_08_2022_09_20,02/08/2022,02/08/2022,TU717,landed,ORY,ORLY,TUN,CARTHAGE,2022-08-02 10:20,09h,2022-08-02 11:45,10h,2022-08-02 10:22,2022-08-02 11:35,2022-08-02 10:22,2022-08-02 11:35,2,0,TU,TUNISIA,FRANCE
BJ185_02_08_2022_09_55,02/08/2022,02/08/2022,BJ185,landed,GVA,GENEVE COINTRIN,TUN,CARTHAGE,2022-08-02 10:55,10h,2022-08-02 11:50,10h,2022-08-02 11:11,,,,16,0,BJ,TUNISIA,SWITZERLAND
TU751_02_08_2022_10_30,02/08/2022,02/08/2022,TU751,landed,LYS,SAINT EXUPERY,TUN,CARTHAGE,2022-08-02 11:30,10h,2022-08-02 12:25,11h,2022-08-02 11:36,,2022-08-02 11:36,,6,0,TU,TUNISIA,FRANCE
TU757_02_08_2022_10_45,02/08/2022,02/08/2022,TU757,landed,MXP,MALPENSA,TUN,CARTHAGE,2022-08-02 11:45,11h,2022-08-02 12:35,12h,2022-08-02 12:20,2022-08-02 13:00,2022-08-02 12:20,,35,25,TU,TUNISIA,ITALY
TU643_02_08_2022_10_35,02/08/2022,02/08/2022,TU643,landed,VIE,SCHWECHAT,TUN,CARTHAGE,2022-08-02 11:35,11h,2022-08-02 12:45,12h,2022-08-02 12:03,2022-08-02 13:00,2022-08-02 12:03,,28,15,TU,TUNISIA,AUSTRIA
TU283_02_08_2022_11_00,02/08/2022,02/08/2022,TU283,landed,TLS,BLAGNAC,TUN,CARTHAGE,2022-08-02 12:00,11h,2022-08-02 12:50,11h,2022-08-02 12:30,,2022-08-02 12:30,,30,0,TU,TUNISIA,FRANCE
BJ511_02_08_2022_10_30,02/08/2022,02/08/2022,BJ511,landed,CDG,CHARLES DE GAULLE,TUN,CARTHAGE,2022-08-02 11:30,10h,2022-08-02 13:00,12h,,,,,0,0,BJ,TUNISIA,FRANCE
TU215_02_08_2022_12_10,02/08/2022,02/08/2022,TU215,landed,IST,ATATURK,TUN,CARTHAGE,2022-08-02 13:10,12h,2022-08-02 13:55,13h,2022-08-02 13:25,2022-08-02 14:19,2022-08-02 13:25,,15,24,TU,TUNISIA,TURKEY
TU789_02_08_2022_11_25,02/08/2022,02/08/2022,TU789,landed,BRU,BRUSSELS NATL,TUN,CARTHAGE,2022-08-02 12:25,12h,2022-08-02 14:00,13h,2022-08-02 13:36,,2022-08-02 13:36,,71,0,TU,TUNISIA,BELGIUM
TU719_02_08_2022_11_40,02/08/2022,02/08/2022,TU719,landed,ORY,ORLY,TUN,CARTHAGE,2022-08-02 12:40,12h,2022-08-02 14:05,13h,2022-08-02 13:29,2022-08-02 14:43,2022-08-02 13:29,,49,38,TU,TUNISIA,FRANCE
BJ641_02_08_2022_12_20,02/08/2022,02/08/2022,BJ641,landed,IST,ATATURK,TUN,CARTHAGE,2022-08-02 13:20,12h,2022-08-02 14:20,13h,,,,,0,0,BJ,TUNISIA,TURKEY
AF9464_02_08_2022_13_15,02/08/2022,02/08/2022,AF9464,landed,MRS,PROVENCE,TUN,CARTHAGE,2022-08-02 14:15,13h,2022-08-02 14:45,14h,2022-08-02 14:41,2022-08-02 15:11,2022-08-02 14:41,2022-08-02 15:11,26,26,AF,TUNISIA,FRANCE
AF7358_02_08_2022_13_15,02/08/2022,02/08/2022,AF7358,landed,ORY,ORLY,TUN,CARTHAGE,2022-08-02 14:15,13h,2022-08-02 15:40,15h,2022-08-02 14:53,2022-08-02 16:14,2022-08-02 14:53,2022-08-02 16:14,38,34,AF,TUNISIA,FRANCE
TU375_02_08_2022_14_05,02/08/2022,02/08/2022,TU375,landed,ALG,HOUARI BOUMEDIENE,TUN,CARTHAGE,2022-08-02 15:05,14h,2022-08-02 16:15,15h,2022-08-02 15:15,2022-08-02 16:40,2022-08-02 15:15,,10,25,TU,TUNISIA,ALGERIA
TU363_02_08_2022_14_55,02/08/2022,02/08/2022,TU363,landed,BLQ,BOLOGNA,TUN,CARTHAGE,2022-08-02 15:55,14h,2022-08-02 16:25,16h,,2022-08-02 17:26,,,61,61,TU,TUNISIA,ITALY
TU709_02_08_2022_13_45,02/08/2022,02/08/2022,TU709,landed,ORN,ES SENIA,TUN,CARTHAGE,2022-08-02 14:45,13h,2022-08-02 16:25,15h,2022-08-02 14:30,,2022-08-02 14:30,,0,0,TU,TUNISIA,ALGERIA
BJ587_02_08_2022_15_15,02/08/2022,02/08/2022,BJ587,landed,NCE,COTE DAZUR,TUN,CARTHAGE,2022-08-02 16:15,15h,2022-08-02 16:50,15h,,,,,0,0,BJ,TUNISIA,FRANCE
BJ523_02_08_2022_14_30,02/08/2022,02/08/2022,BJ523,landed,NTE,NANTES ATLANTIQUE,TUN,CARTHAGE,2022-08-02 15:30,14h,2022-08-02 16:55,15h,,,,,0,0,BJ,TUNISIA,FRANCE
AF1184_02_08_2022_15_20,02/08/2022,02/08/2022,AF1184,landed,CDG,CHARLES DE GAULLE,TUN,CARTHAGE,2022-08-02 16:20,16h,2022-08-02 17:45,17h,2022-08-02 17:07,2022-08-02 18:15,2022-08-02 17:07,2022-08-02 18:15,47,30,AF,TUNISIA,FRANCE
TO8074_02_08_2022_15_15,02/08/2022,02/08/2022,TO8074,landed,ORY,ORLY,TUN,CARTHAGE,2022-08-02 16:15,15h,2022-08-02 17:45,17h,2022-08-02 16:55,2022-08-02 18:18,2022-08-02 16:55,2022-08-02 18:18,40,33,TO,TUNISIA,FRANCE
TU903_02_08_2022_16_20,02/08/2022,02/08/2022,TU903,landed,MRS,PROVENCE,TUN,CARTHAGE,2022-08-02 17:20,17h,2022-08-02 17:55,18h,2022-08-02 18:59,2022-08-02 19:35,2022-08-02 18:59,2022-08-02 19:35,99,100,TU,TUNISIA,FRANCE
TU999_02_08_2022_16_30,02/08/2022,02/08/2022,TU999,landed,NCE,COTE DAZUR,TUN,CARTHAGE,2022-08-02 17:30,16h,2022-08-02 18:05,17h,2022-08-02 17:45,2022-08-02 18:20,2022-08-02 17:45,2022-08-02 18:20,15,15,TU,TUNISIA,FRANCE
TU701_02_08_2022_17_00,02/08/2022,02/08/2022,TU701,landed,GVA,GENEVE COINTRIN,TUN,CARTHAGE,2022-08-02 18:00,17h,2022-08-02 18:55,17h,2022-08-02 18:10,2022-08-02 18:54,2022-08-02 18:10,,10,0,TU,TUNISIA,SWITZERLAND
TU793_02_08_2022_16_50,02/08/2022,02/08/2022,TU793,landed,STN,STANSTED,TUN,CARTHAGE,2022-08-02 17:50,17h,2022-08-02 20:55,20h,2022-08-02 18:45,2022-08-02 21:35,2022-08-02 18:45,2022-08-02 21:35,55,40,TU,TUNISIA,UNITED KINGDOM
TU723_02_08_2022_19_30,02/08/2022,02/08/2022,TU723,landed,ORY,ORLY,TUN,CARTHAGE,2022-08-02 20:30,20h,2022-08-02 21:55,21h,2022-08-02 21:25,2022-08-02 22:40,2022-08-02 21:25,,55,45,TU,TUNISIA,FRANCE
TU147_03_08_2022_07_45,03/08/2022,03/08/2022,TU147,active,DXB,DUBAI INTL,TUN,CARTHAGE,2022-08-03 08:45,08h,2022-08-03 11:55,10h,2022-08-03 09:00,2022-08-03 11:51,2022-08-03 09:00,,15,0,TU,TUNISIA,UNITED ARAB EMIRATES
TO4074_03_08_2022_07_55,03/08/2022,03/08/2022,TO4074,landed,ORY,ORLY,TUN,CARTHAGE,2022-08-03 08:55,08h,2022-08-03 10:25,09h,2022-08-03 09:31,,2022-08-03 09:31,,36,36,TO,TUNISIA,FRANCE
AF1284_03_08_2022_08_15,03/08/2022,03/08/2022,AF1284,active,CDG,CHARLES DE GAULLE,TUN,CARTHAGE,2022-08-03 09:15,08h,2022-08-03 10:40,10h,2022-08-03 09:35,2022-08-03 11:05,2022-08-03 09:35,,20,25,AF,TUNISIA,FRANCE
BJ514_03_08_2022_09_15,03/08/2022,03/08/2022,BJ514,active,TUN,CARTHAGE,TLS,BLAGNAC,2022-08-03 10:15,09h,2022-08-03 13:15,12h,,,,,0,0,BJ,FRANCE,TUNISIA
BJ4312_03_08_2022_09_40,03/08/2022,03/08/2022,BJ4312,active,TUN,CARTHAGE,AYT,ANTALYA,2022-08-03 10:40,09h,2022-08-03 15:25,14h,,,,,0,0,BJ,TURKEY,TUNISIA
TO4075_03_08_2022_10_10,03/08/2022,03/08/2022,TO4075,scheduled,TUN,CARTHAGE,ORY,ORLY,2022-08-03 11:10,10h,2022-08-03 14:45,13h,,,,,0,0,TO,FRANCE,TUNISIA
AF1285_03_08_2022_10_40,03/08/2022,03/08/2022,AF1285,scheduled,TUN,CARTHAGE,CDG,CHARLES DE GAULLE,2022-08-03 11:40,10h,2022-08-03 15:15,14h,,,,,0,0,AF,FRANCE,TUNISIA
TU750_03_08_2022_11_00,03/08/2022,03/08/2022,TU750,scheduled,TUN,CARTHAGE,LYS,SAINT EXUPERY,2022-08-03 12:00,11h,2022-08-03 14:50,13h,,,,,0,0,TU,FRANCE,TUNISIA
TU374_03_08_2022_11_15,03/08/2022,03/08/2022,TU374,scheduled,TUN,CARTHAGE,ALG,HOUARI BOUMEDIENE,2022-08-03 12:15,11h,2022-08-03 13:35,12h,,,,,0,0,TU,ALGERIA,TUNISIA
TU514_03_08_2022_11_15,03/08/2022,03/08/2022,TU514,scheduled,TUN,CARTHAGE,BCN,BARCELONA,2022-08-03 12:15,11h,2022-08-03 15:00,14h,,,,,0,0,TU,SPAIN,TUNISIA
TO3773_03_08_2022_11_30,03/08/2022,03/08/2022,TO3773,scheduled,TUN,CARTHAGE,ORY,ORLY,2022-08-03 12:30,11h,2022-08-03 16:05,15h,,,,,0,0,TO,FRANCE,TUNISIA
TU282_03_08_2022_11_50,03/08/2022,03/08/2022,TU282,scheduled,TUN,CARTHAGE,TLS,BLAGNAC,2022-08-03 12:50,11h,2022-08-03 15:45,14h,,,,,0,0,TU,FRANCE,TUNISIA
TU542_03_08_2022_12_40,03/08/2022,03/08/2022,TU542,scheduled,TUN,CARTHAGE,MUC,FRANZ JOSEF STRAUSS,2022-08-03 13:40,12h,2022-08-03 16:50,15h,,,,,0,0,TU,GERMANY,TUNISIA
TU152_03_08_2022_12_45,03/08/2022,03/08/2022,TU152,scheduled,TUN,CARTHAGE,AMM,QUEEN ALIA INTL,2022-08-03 13:45,12h,2022-08-03 19:30,18h,,,,,0,0,TU,JORDAN,TUNISIA
TU902_03_08_2022_12_45,03/08/2022,03/08/2022,TU902,scheduled,TUN,CARTHAGE,MRS,PROVENCE,2022-08-03 13:45,12h,2022-08-03 16:20,15h,,,,,0,0,TU,FRANCE,TUNISIA
TU148_03_08_2022_12_55,03/08/2022,03/08/2022,TU148,scheduled,TUN,CARTHAGE,DXB,DUBAI INTL,2022-08-03 13:55,12h,2022-08-03 22:40,21h,,2022-08-03 22:46,,,6,6,TU,UNITED ARAB EMIRATES,TUNISIA
BJ586_03_08_2022_13_00,03/08/2022,03/08/2022,BJ586,scheduled,TUN,CARTHAGE,NCE,COTE DAZUR,2022-08-03 14:00,13h,2022-08-03 16:35,15h,,,,,0,0,BJ,FRANCE,TUNISIA
BJ640_03_08_2022_13_40,03/08/2022,03/08/2022,BJ640,scheduled,TUN,CARTHAGE,IST,ATATURK,2022-08-03 14:40,13h,2022-08-03 19:30,18h,,,,,0,0,BJ,TURKEY,TUNISIA
TU606_03_08_2022_14_05,03/08/2022,03/08/2022,TU606,scheduled,TUN,CARTHAGE,MAD,BARAJAS,2022-08-03 15:05,14h,2022-08-03 18:20,17h,,,,,0,0,TU,SPAIN,TUNISIA
TO8041_03_08_2022_14_10,03/08/2022,03/08/2022,TO8041,scheduled,TUN,CARTHAGE,MRS,PROVENCE,2022-08-03 15:10,14h,2022-08-03 17:45,16h,,,,,0,0,TO,FRANCE,TUNISIA
TU526_03_08_2022_14_10,03/08/2022,03/08/2022,TU526,scheduled,TUN,CARTHAGE,DUS,DUSSELDORF,2022-08-03 15:10,14h,2022-08-03 18:55,17h,,,,,0,0,TU,GERMANY,TUNISIA
TU722_03_08_2022_14_35,03/08/2022,03/08/2022,TU722,scheduled,TUN,CARTHAGE,ORY,ORLY,2022-08-03 15:35,14h,2022-08-03 19:00,18h,,,,,0,0,TU,FRANCE,TUNISIA
TU705_03_08_2022_21_30,03/08/2022,04/08/2022,TU705,scheduled,TUN,CARTHAGE,CMN,MOHAMMED V INTL,2022-08-03 22:30,21h,2022-08-04 01:10,00h,,,,,0,0,TU,MOROCCO,TUNISIA
AF1785_04_08_2022_01_10,04/08/2022,04/08/2022,AF1785,scheduled,TUN,CARTHAGE,CDG,CHARLES DE GAULLE,2022-08-04 02:10,01h,2022-08-04 05:45,04h,,,,,0,0,AF,FRANCE,TUNISIA
TU716_04_08_2022_05_00,04/08/2022,04/08/2022,TU716,scheduled,TUN,CARTHAGE,ORY,ORLY,2022-08-04 06:00,05h,2022-08-04 09:20,08h,,,,,0,0,TU,FRANCE,TUNISIA
BJ598_04_08_2022_05_30,04/08/2022,04/08/2022,BJ598,scheduled,TUN,CARTHAGE,LYS,SAINT EXUPERY,2022-08-04 06:30,05h,2022-08-04 09:25,08h,,,,,0,0,BJ,FRANCE,TUNISIA
TU930_04_08_2022_05_50,04/08/2022,04/08/2022,TU930,scheduled,TUN,CARTHAGE,MRS,PROVENCE,2022-08-04 06:50,05h,2022-08-04 09:25,08h,,,,,0,0,TU,FRANCE,TUNISIA
BJ510_04_08_2022_06_00,04/08/2022,04/08/2022,BJ510,scheduled,TUN,CARTHAGE,CDG,CHARLES DE GAULLE,2022-08-04 07:00,06h,2022-08-04 10:30,09h,,,,,0,0,BJ,FRANCE,TUNISIA
TU750_04_08_2022_06_00,04/08/2022,04/08/2022,TU750,scheduled,TUN,CARTHAGE,LYS,SAINT EXUPERY,2022-08-04 07:00,06h,2022-08-04 09:50,08h,,,,,0,0,TU,FRANCE,TUNISIA
TU996_04_08_2022_06_00,04/08/2022,04/08/2022,TU996,scheduled,TUN,CARTHAGE,NCE,COTE DAZUR,2022-08-04 07:00,06h,2022-08-04 09:30,08h,,,,,0,0,TU,FRANCE,TUNISIA
TU214_04_08_2022_06_10,04/08/2022,04/08/2022,TU214,scheduled,TUN,CARTHAGE,IST,ATATURK,2022-08-04 07:10,06h,2022-08-04 11:40,10h,,,,,0,0,TU,TURKEY,TUNISIA
BJ516_04_08_2022_06_15,04/08/2022,04/08/2022,BJ516,scheduled,TUN,CARTHAGE,MRS,PROVENCE,2022-08-04 07:15,06h,2022-08-04 09:50,08h,,,,,0,0,BJ,FRANCE,TUNISIA
TU417_04_08_2022_06_25,04/08/2022,04/08/2022,TU417,scheduled,TUN,CARTHAGE,BEN,BENINA,2022-08-04 07:25,06h,2022-08-04 10:10,09h,,,,,0,0,TU,LIBYA,TUNISIA
TO9871_04_08_2022_06_40,04/08/2022,04/08/2022,TO9871,scheduled,TUN,CARTHAGE,LYS,SAINT EXUPERY,2022-08-04 07:40,06h,2022-08-04 10:40,09h,,,,,0,0,TO,FRANCE,TUNISIA
TU718_04_08_2022_06_45,04/08/2022,04/08/2022,TU718,scheduled,TUN,CARTHAGE,ORY,ORLY,2022-08-04 07:45,06h,2022-08-04 11:10,10h,,,,,0,0,TU,FRANCE,TUNISIA
TU788_04_08_2022_06_50,04/08/2022,04/08/2022,TU788,scheduled,TUN,CARTHAGE,BRU,BRUSSELS NATL,2022-08-04 07:50,06h,2022-08-04 11:25,10h,,,,,0,0,TU,BELGIUM,TUNISIA
TU362_04_08_2022_07_00,04/08/2022,04/08/2022,TU362,scheduled,TUN,CARTHAGE,BLQ,BOLOGNA,2022-08-04 08:00,07h,2022-08-04 10:35,09h,,,,,0,0,TU,ITALY,TUNISIA
TU756_04_08_2022_07_00,04/08/2022,04/08/2022,TU756,scheduled,TUN,CARTHAGE,MXP,MALPENSA,2022-08-04 08:00,07h,2022-08-04 10:45,09h,,,,,0,0,TU,ITALY,TUNISIA
TU711_04_08_2022_07_15,04/08/2022,04/08/2022,TU711,scheduled,TUN,CARTHAGE,CMN,MOHAMMED V INTL,2022-08-04 08:15,07h,2022-08-04 10:55,09h,,,,,0,0,TU,MOROCCO,TUNISIA
TO4075_04_08_2022_07_40,04/08/2022,04/08/2022,TO4075,scheduled,TUN,CARTHAGE,ORY,ORLY,2022-08-04 08:40,07h,2022-08-04 12:15,11h,,,,,0,0,TO,FRANCE,TUNISIA
AF1085_04_08_2022_08_45,04/08/2022,04/08/2022,AF1085,scheduled,TUN,CARTHAGE,CDG,CHARLES DE GAULLE,2022-08-04 09:45,08h,2022-08-04 13:20,12h,,,,,0,0,AF,FRANCE,TUNISIA
TU404_03_08_2022_09_35,03/08/2022,03/08/2022,TU404,landed,MJI,MITIGA AIRPORT,TUN,CARTHAGE,2022-08-03 10:35,09h,2022-08-03 10:50,09h,,,,,0,0,TU,TUNISIA,LIBYA
TU997_03_08_2022_09_20,03/08/2022,03/08/2022,TU997,landed,NCE,COTE DAZUR,TUN,CARTHAGE,2022-08-03 10:20,10h,2022-08-03 10:55,09h,2022-08-03 11:15,,,,55,55,TU,TUNISIA,FRANCE
TU931_03_08_2022_09_25,03/08/2022,03/08/2022,TU931,landed,MRS,PROVENCE,TUN,CARTHAGE,2022-08-03 10:25,09h,2022-08-03 11:00,10h,,,,,0,0,TU,TUNISIA,FRANCE
TO3772_03_08_2022_09_15,03/08/2022,03/08/2022,TO3772,active,ORY,ORLY,TUN,CARTHAGE,2022-08-03 10:15,09h,2022-08-03 11:45,10h,2022-08-03 10:42,,2022-08-03 10:42,,27,27,TO,TUNISIA,FRANCE
TU717_03_08_2022_09_20,03/08/2022,03/08/2022,TU717,active,ORY,ORLY,TUN,CARTHAGE,2022-08-03 10:20,09h,2022-08-03 11:45,10h,2022-08-03 10:55,,,,35,35,TU,TUNISIA,FRANCE
TU473_03_08_2022_10_45,03/08/2022,03/08/2022,TU473,scheduled,VCE,VENEZIA TESSERA,TUN,CARTHAGE,2022-08-03 11:45,10h,2022-08-03 12:25,11h,2022-08-03 11:53,,,,8,8,TU,TUNISIA,ITALY
TU151_03_08_2022_09_45,03/08/2022,03/08/2022,TU151,active,AMM,QUEEN ALIA INTL,TUN,CARTHAGE,2022-08-03 10:45,09h,2022-08-03 12:35,11h,2022-08-03 10:44,,2022-08-03 10:44,,0,0,TU,TUNISIA,JORDAN
TU757_03_08_2022_10_45,03/08/2022,03/08/2022,TU757,scheduled,MXP,MALPENSA,TUN,CARTHAGE,2022-08-03 11:45,10h,2022-08-03 12:35,11h,,,,,0,0,TU,TUNISIA,ITALY
BJ577_03_08_2022_10_45,03/08/2022,03/08/2022,BJ577,scheduled,SXB,ENTZHEIM,TUN,CARTHAGE,2022-08-03 11:45,10h,2022-08-03 12:50,11h,,,,,0,0,BJ,TUNISIA,FRANCE
BJ511_03_08_2022_10_30,03/08/2022,03/08/2022,BJ511,scheduled,CDG,CHARLES DE GAULLE,TUN,CARTHAGE,2022-08-03 11:30,10h,2022-08-03 13:00,12h,,,,,0,0,BJ,TUNISIA,FRANCE
TU745_03_08_2022_11_30,03/08/2022,03/08/2022,TU745,scheduled,FRA,FRANKFURT MAIN,TUN,CARTHAGE,2022-08-03 12:30,11h,2022-08-03 13:50,12h,,,,,0,0,TU,TUNISIA,GERMANY
BJ397_03_08_2022_11_30,03/08/2022,03/08/2022,BJ397,scheduled,BRU,BRUSSELS NATL,TUN,CARTHAGE,2022-08-03 12:30,11h,2022-08-03 13:55,12h,,,,,0,0,BJ,TUNISIA,BELGIUM
TU789_03_08_2022_11_25,03/08/2022,03/08/2022,TU789,scheduled,BRU,BRUSSELS NATL,TUN,CARTHAGE,2022-08-03 12:25,11h,2022-08-03 14:00,13h,,,,,0,0,TU,TUNISIA,BELGIUM
TU719_03_08_2022_11_40,03/08/2022,03/08/2022,TU719,scheduled,ORY,ORLY,TUN,CARTHAGE,2022-08-03 12:40,11h,2022-08-03 14:05,13h,,,,,0,0,TU,TUNISIA,FRANCE
TO8040_03_08_2022_12_55,03/08/2022,03/08/2022,TO8040,scheduled,MRS,PROVENCE,TUN,CARTHAGE,2022-08-03 13:55,12h,2022-08-03 14:25,13h,,,,,0,0,TO,TUNISIA,FRANCE
BJ515_03_08_2022_13_05,03/08/2022,03/08/2022,BJ515,scheduled,TLS,BLAGNAC,TUN,CARTHAGE,2022-08-03 14:05,13h,2022-08-03 15:00,14h,,,,,0,0,BJ,TUNISIA,FRANCE
AF7358_03_08_2022_13_15,03/08/2022,03/08/2022,AF7358,scheduled,ORY,ORLY,TUN,CARTHAGE,2022-08-03 14:15,13h,2022-08-03 15:40,14h,,,,,0,0,AF,TUNISIA,FRANCE
TU375_03_08_2022_13_35,03/08/2022,03/08/2022,TU375,scheduled,ALG,HOUARI BOUMEDIENE,TUN,CARTHAGE,2022-08-03 14:35,13h,2022-08-03 15:45,14h,,,,,0,0,TU,TUNISIA,ALGERIA
TU515_03_08_2022_15_00,03/08/2022,03/08/2022,TU515,scheduled,BCN,BARCELONA,TUN,CARTHAGE,2022-08-03 16:00,15h,2022-08-03 16:35,15h,,,,,0,0,TU,TUNISIA,SPAIN
TU751_03_08_2022_14_50,03/08/2022,03/08/2022,TU751,scheduled,LYS,SAINT EXUPERY,TUN,CARTHAGE,2022-08-03 15:50,14h,2022-08-03 16:45,15h,,,,,0,0,TU,TUNISIA,FRANCE
BJ4313_03_08_2022_15_25,03/08/2022,03/08/2022,BJ4313,scheduled,AYT,ANTALYA,TUN,CARTHAGE,2022-08-03 16:25,15h,2022-08-03 17:25,16h,,,,,0,0,BJ,TUNISIA,TURKEY
TU283_03_08_2022_15_45,03/08/2022,03/08/2022,TU283,scheduled,TLS,BLAGNAC,TUN,CARTHAGE,2022-08-03 16:45,15h,2022-08-03 17:35,16h,,,,,0,0,TU,TUNISIA,FRANCE
AF1184_03_08_2022_15_20,03/08/2022,03/08/2022,AF1184,scheduled,CDG,CHARLES DE GAULLE,TUN,CARTHAGE,2022-08-03 16:20,15h,2022-08-03 17:45,16h,,,,,0,0,AF,TUNISIA,FRANCE
TO8074_03_08_2022_15_15,03/08/2022,03/08/2022,TO8074,scheduled,ORY,ORLY,TUN,CARTHAGE,2022-08-03 16:15,15h,2022-08-03 17:45,16h,,,,,0,0,TO,TUNISIA,FRANCE
BJ517_03_08_2022_21_10,03/08/2022,03/08/2022,BJ517,scheduled,MRS,PROVENCE,TUN,CARTHAGE,2022-08-03 22:10,21h,2022-08-03 22:50,21h,,,,,0,0,BJ,TUNISIA,FRANCE
TU999_03_08_2022_22_25,03/08/2022,03/08/2022,TU999,scheduled,NCE,COTE DAZUR,TUN,CARTHAGE,2022-08-03 23:25,22h,2022-08-04 00:00,23h,,,,,0,0,TU,TUNISIA,FRANCE
BJ521_03_08_2022_21_55,03/08/2022,03/08/2022,BJ521,scheduled,CDG,CHARLES DE GAULLE,TUN,CARTHAGE,2022-08-03 22:55,21h,2022-08-04 00:25,23h,,,,,0,0,BJ,TUNISIA,FRANCE
TU217_03_08_2022_22_45,03/08/2022,03/08/2022,TU217,scheduled,IST,ATATURK,TUN,CARTHAGE,2022-08-03 23:45,22h,2022-08-04 00:40,23h,,,,,0,0,TU,TUNISIA,TURKEY
AF1784_03_08_2022_22_20,03/08/2022,03/08/2022,AF1784,scheduled,CDG,CHARLES DE GAULLE,TUN,CARTHAGE,2022-08-03 23:20,22h,2022-08-04 00:45,23h,,,,,0,0,AF,TUNISIA,FRANCE
TU706_04_08_2022_01_00,04/08/2022,04/08/2022,TU706,scheduled,CMN,MOHAMMED V INTL,TUN,CARTHAGE,2022-08-04 02:00,01h,2022-08-04 04:25,03h,,,,,0,0,TU,TUNISIA,MOROCCO
TU203_03_08_2022_14_30,03/08/2022,04/08/2022,TU203,scheduled,YUL,PIERRE ELLIOTT TRUDEAU INTL,TUN,CARTHAGE,2022-08-03 15:30,14h,2022-08-04 04:45,03h,,,,,0,0,TU,TUNISIA,CANADA
TO9870_04_08_2022_04_55,04/08/2022,04/08/2022,TO9870,scheduled,LYS,SAINT EXUPERY,TUN,CARTHAGE,2022-08-04 05:55,04h,2022-08-04 06:55,05h,,,,,0,0,TO,TUNISIA,FRANCE
TO4074_04_08_2022_05_25,04/08/2022,04/08/2022,TO4074,scheduled,ORY,ORLY,TUN,CARTHAGE,2022-08-04 06:25,05h,2022-08-04 07:55,06h,,,,,0,0,TO,TUNISIA,FRANCE
AF1084_04_08_2022_06_15,04/08/2022,04/08/2022,AF1084,scheduled,CDG,CHARLES DE GAULLE,TUN,CARTHAGE,2022-08-04 07:15,06h,2022-08-04 08:45,07h,,,,,0,0,AF,TUNISIA,FRANCE
TU700_03_08_2022_15_40,03/08/2022,03/08/2022,TU700,scheduled,TUN,CARTHAGE,GVA,GENEVE COINTRIN,2022-08-03 16:40,15h,2022-08-03 19:35,18h,,,,,0,0,TU,SWITZERLAND,TUNISIA
AF7359_03_08_2022_15_50,03/08/2022,03/08/2022,AF7359,scheduled,TUN,CARTHAGE,ORY,ORLY,2022-08-03 16:50,15h,2022-08-03 20:10,19h,,,,,0,0,AF,FRANCE,TUNISIA
TU903_03_08_2022_16_20,03/08/2022,03/08/2022,TU903,scheduled,MRS,PROVENCE,TUN,CARTHAGE,2022-08-03 17:20,16h,2022-08-03 17:55,16h,,,,,0,0,TU,TUNISIA,FRANCE
BJ587_03_08_2022_16_25,03/08/2022,03/08/2022,BJ587,scheduled,NCE,COTE DAZUR,TUN,CARTHAGE,2022-08-03 17:25,16h,2022-08-03 18:00,17h,,,,,0,0,BJ,TUNISIA,FRANCE
TU543_03_08_2022_16_55,03/08/2022,03/08/2022,TU543,scheduled,MUC,FRANZ JOSEF STRAUSS,TUN,CARTHAGE,2022-08-03 17:55,16h,2022-08-03 19:00,18h,,,,,0,0,TU,TUNISIA,GERMANY
TU216_03_08_2022_16_55,03/08/2022,03/08/2022,TU216,scheduled,TUN,CARTHAGE,IST,ATATURK,2022-08-03 17:55,16h,2022-08-03 22:35,21h,,,,,0,0,TU,TURKEY,TUNISIA
BJ520_03_08_2022_17_25,03/08/2022,03/08/2022,BJ520,scheduled,TUN,CARTHAGE,CDG,CHARLES DE GAULLE,2022-08-03 18:25,17h,2022-08-03 21:55,20h,,,,,0,0,BJ,FRANCE,TUNISIA
TO8075_03_08_2022_17_30,03/08/2022,03/08/2022,TO8075,scheduled,TUN,CARTHAGE,ORY,ORLY,2022-08-03 18:30,17h,2022-08-03 22:05,21h,,,,,0,0,TO,FRANCE,TUNISIA
AF1185_03_08_2022_17_45,03/08/2022,03/08/2022,AF1185,scheduled,TUN,CARTHAGE,CDG,CHARLES DE GAULLE,2022-08-03 18:45,17h,2022-08-03 22:20,21h,,,,,0,0,AF,FRANCE,TUNISIA
BJ516_03_08_2022_17_45,03/08/2022,03/08/2022,BJ516,scheduled,TUN,CARTHAGE,MRS,PROVENCE,2022-08-03 18:45,17h,2022-08-03 21:20,20h,,,,,0,0,BJ,FRANCE,TUNISIA
TU607_03_08_2022_18_25,03/08/2022,03/08/2022,TU607,scheduled,MAD,BARAJAS,TUN,CARTHAGE,2022-08-03 19:25,18h,2022-08-03 20:40,19h,,,,,0,0,TU,TUNISIA,SPAIN
BJ641_03_08_2022_19_30,03/08/2022,03/08/2022,BJ641,scheduled,IST,ATATURK,TUN,CARTHAGE,2022-08-03 20:30,19h,2022-08-03 21:30,20h,,,,,0,0,BJ,TUNISIA,TURKEY
TU527_03_08_2022_18_55,03/08/2022,03/08/2022,TU527,scheduled,DUS,DUSSELDORF,TUN,CARTHAGE,2022-08-03 19:55,18h,2022-08-03 21:30,20h,,,,,0,0,TU,TUNISIA,GERMANY
TU998_03_08_2022_18_55,03/08/2022,03/08/2022,TU998,scheduled,TUN,CARTHAGE,NCE,COTE DAZUR,2022-08-03 19:55,18h,2022-08-03 22:25,21h,,,,,0,0,TU,FRANCE,TUNISIA
TU701_03_08_2022_19_35,03/08/2022,03/08/2022,TU701,scheduled,GVA,GENEVE COINTRIN,TUN,CARTHAGE,2022-08-03 20:35,19h,2022-08-03 21:30,20h,,,,,0,0,TU,TUNISIA,SWITZERLAND
TU723_03_08_2022_19_30,03/08/2022,03/08/2022,TU723,scheduled,ORY,ORLY,TUN,CARTHAGE,2022-08-03 20:30,19h,2022-08-03 21:55,20h,,,,,0,0,TU,TUNISIA,FRANCE
TU217_28_12_2022_23_45,28/12/2022,29/12/2022,TU217,landed,IST,ATATURK,TUN,CARTHAGE,2022-12-28 23:45,23h,2022-12-29 00:40,00h,2022-12-28 23:39,2022-12-29 00:28,2022-12-28 23:39,,0,0,TU,TUNISIA,TURKEY
TU607_28_12_2022_18_25,29/12/2022,29/12/2022,TU607,landed,MAD,BARAJAS,TUN,CARTHAGE,2022-12-28 18:25,00h,2022-12-28 20:40,02h,2022-12-28 21:00,2022-12-29 02:13,2022-12-29 00:25,2022-12-29 02:13,360,333,TU,TUNISIA,SPAIN
TU706_29_12_2022_02_35,29/12/2022,29/12/2022,TU706,active,CMN,MOHAMMED V INTL,TUN,CARTHAGE,2022-12-29 02:35,02h,2022-12-29 05:00,05h,,,,,0,0,TU,TUNISIA,MOROCCO
TU714_29_12_2022_02_10,29/12/2022,29/12/2022,TU714,active,JED,KING ABDULAZIZ INTL,TUN,CARTHAGE,2022-12-29 02:10,03h,2022-12-29 05:05,05h,2022-12-29 03:00,,2022-12-29 03:00,,50,0,TU,TUNISIA,SAUDI ARABIA
TU203_28_12_2022_15_15,28/12/2022,29/12/2022,TU203,active,YUL,PIERRE ELLIOTT TRUDEAU INTL,TUN,CARTHAGE,2022-12-28 15:15,16h,2022-12-29 05:30,06h,2022-12-28 16:00,2022-12-29 06:33,2022-12-28 16:00,,45,63,TU,TUNISIA,CANADA
TO8776_29_12_2022_06_15,29/12/2022,29/12/2022,TO8776,scheduled,LYS,SAINT EXUPERY,TUN,CARTHAGE,2022-12-29 06:15,06h,2022-12-29 08:15,08h,,,,,0,0,TO,TUNISIA,FRANCE
TO8222_29_12_2022_06_30,29/12/2022,29/12/2022,TO8222,scheduled,ORY,ORLY,TUN,CARTHAGE,2022-12-29 06:30,06h,2022-12-29 09:00,09h,,,,,0,0,TO,TUNISIA,FRANCE
TO8284_29_12_2022_07_00,29/12/2022,29/12/2022,TO8284,scheduled,ORY,ORLY,TUN,CARTHAGE,2022-12-29 07:00,07h,2022-12-29 09:30,09h,,,,,0,0,TO,TUNISIA,FRANCE
AF1084_29_12_2022_07_20,29/12/2022,29/12/2022,AF1084,scheduled,CDG,CHARLES DE GAULLE,TUN,CARTHAGE,2022-12-29 07:20,07h,2022-12-29 09:50,09h,,,,,0,0,AF,TUNISIA,FRANCE
TU931_29_12_2022_09_25,29/12/2022,29/12/2022,TU931,scheduled,MRS,PROVENCE,TUN,CARTHAGE,2022-12-29 09:25,09h,2022-12-29 11:00,11h,,,,,0,0,TU,TUNISIA,FRANCE
TU997_29_12_2022_09_30,29/12/2022,29/12/2022,TU997,scheduled,NCE,COTE DAZUR,TUN,CARTHAGE,2022-12-29 09:30,09h,2022-12-29 11:05,11h,,,,,0,0,TU,TUNISIA,FRANCE
TU701_29_12_2022_10_00,29/12/2022,29/12/2022,TU701,scheduled,GVA,GENEVE COINTRIN,TUN,CARTHAGE,2022-12-29 10:00,10h,2022-12-29 11:55,11h,,,,,0,0,TU,TUNISIA,SWITZERLAND
TU473_29_12_2022_10_45,29/12/2022,29/12/2022,TU473,scheduled,VCE,VENEZIA TESSERA,TUN,CARTHAGE,2022-12-29 10:45,10h,2022-12-29 12:25,12h,,,,,0,0,TU,TUNISIA,ITALY
TU147_29_12_2022_08_40,29/12/2022,29/12/2022,TU147,scheduled,DXB,DUBAI INTL,TUN,CARTHAGE,2022-12-29 08:40,08h,2022-12-29 12:35,12h,,,,,0,0,TU,TUNISIA,UNITED ARAB EMIRATES
TU930_29_12_2022_06_50,29/12/2022,29/12/2022,TU930,scheduled,TUN,CARTHAGE,MRS,PROVENCE,2022-12-29 06:50,06h,2022-12-29 08:25,08h,,,,,0,0,TU,FRANCE,TUNISIA
TU996_29_12_2022_07_00,29/12/2022,29/12/2022,TU996,scheduled,TUN,CARTHAGE,NCE,COTE DAZUR,2022-12-29 07:00,07h,2022-12-29 08:30,08h,,,,,0,0,TU,FRANCE,TUNISIA
TU700_29_12_2022_07_05,29/12/2022,29/12/2022,TU700,scheduled,TUN,CARTHAGE,GVA,GENEVE COINTRIN,2022-12-29 07:05,07h,2022-12-29 09:00,09h,,,,,0,0,TU,SWITZERLAND,TUNISIA
BJ640_29_12_2022_07_30,29/12/2022,29/12/2022,BJ640,scheduled,TUN,CARTHAGE,IST,ATATURK,2022-12-29 07:30,07h,2022-12-29 12:20,12h,,,,,0,0,BJ,TURKEY,TUNISIA
TU788_29_12_2022_07_50,29/12/2022,29/12/2022,TU788,scheduled,TUN,CARTHAGE,BRU,BRUSSELS NATL,2022-12-29 07:50,07h,2022-12-29 10:25,10h,,,,,0,0,TU,BELGIUM,TUNISIA
BJ510_29_12_2022_08_00,29/12/2022,29/12/2022,BJ510,scheduled,TUN,CARTHAGE,CDG,CHARLES DE GAULLE,2022-12-29 08:00,08h,2022-12-29 10:30,10h,,,,,0,0,BJ,FRANCE,TUNISIA
TU718_29_12_2022_08_00,29/12/2022,29/12/2022,TU718,scheduled,TUN,CARTHAGE,ORY,ORLY,2022-12-29 08:00,08h,2022-12-29 10:30,10h,,,,,0,0,TU,FRANCE,TUNISIA
TU756_29_12_2022_08_00,29/12/2022,29/12/2022,TU756,scheduled,TUN,CARTHAGE,MXP,MALPENSA,2022-12-29 08:00,08h,2022-12-29 09:45,09h,,,,,0,0,TU,ITALY,TUNISIA
TU792_29_12_2022_08_05,29/12/2022,29/12/2022,TU792,scheduled,TUN,CARTHAGE,LGW,GATWICK,2022-12-29 08:05,08h,2022-12-29 09:50,09h,,,,,0,0,TU,UNITED KINGDOM,TUNISIA
TU472_29_12_2022_08_10,29/12/2022,29/12/2022,TU472,scheduled,TUN,CARTHAGE,VCE,VENEZIA TESSERA,2022-12-29 08:10,08h,2022-12-29 09:55,09h,,,,,0,0,TU,ITALY,TUNISIA
TU711_29_12_2022_08_15,29/12/2022,29/12/2022,TU711,scheduled,TUN,CARTHAGE,CMN,MOHAMMED V INTL,2022-12-29 08:15,08h,2022-12-29 11:00,11h,,,,,0,0,TU,MOROCCO,TUNISIA
BJ598_29_12_2022_09_00,29/12/2022,29/12/2022,BJ598,scheduled,TUN,CARTHAGE,LYS,SAINT EXUPERY,2022-12-29 09:00,09h,2022-12-29 10:55,10h,,,,,0,0,BJ,FRANCE,TUNISIA
TO8777_29_12_2022_09_00,29/12/2022,29/12/2022,TO8777,scheduled,TUN,CARTHAGE,LYS,SAINT EXUPERY,2022-12-29 09:00,09h,2022-12-29 11:00,11h,,,,,0,0,TO,FRANCE,TUNISIA
TO8223_29_12_2022_09_45,29/12/2022,29/12/2022,TO8223,scheduled,TUN,CARTHAGE,ORY,ORLY,2022-12-29 09:45,09h,2022-12-29 12:20,12h,,,,,0,0,TO,FRANCE,TUNISIA
TO8285_29_12_2022_10_15,29/12/2022,29/12/2022,TO8285,scheduled,TUN,CARTHAGE,ORY,ORLY,2022-12-29 10:15,10h,2022-12-29 12:50,12h,,,,,0,0,TO,FRANCE,TUNISIA
AF1085_29_12_2022_10_50,29/12/2022,29/12/2022,AF1085,scheduled,TUN,CARTHAGE,CDG,CHARLES DE GAULLE,2022-12-29 10:50,10h,2022-12-29 13:30,13h,,,,,0,0,AF,FRANCE,TUNISIA
TU417_29_12_2022_12_00,29/12/2022,29/12/2022,TU417,cancelled,TUN,CARTHAGE,BEN,BENINA,2022-12-29 12:00,12h,2022-12-29 14:45,14h,,,,,0,0,TU,LIBYA,TUNISIA
TU374_29_12_2022_12_15,29/12/2022,29/12/2022,TU374,scheduled,TUN,CARTHAGE,ALG,HOUARI BOUMEDIENE,2022-12-29 12:15,12h,2022-12-29 13:35,13h,,,,,0,0,TU,ALGERIA,TUNISIA
TU214_29_12_2022_06_45,29/12/2022,29/12/2022,TU214,scheduled,TUN,CARTHAGE,IST,ATATURK,2022-12-29 06:45,16h,2022-12-29 11:20,21h,2022-12-29 16:30,2022-12-29 21:05,,,585,585,TU,TURKEY,TUNISIA
